repo_owner,repo_name,Category,Number of Components,commits,branches,releases,forks,watchers,stargazers,contributors,size,totalIssues,openIssues,totalPullRequests,openPullRequests,codeLines,lang_batchfile,lang_lua,lang_jq,lang_objective_c,lang_dart,lang_nunjucks,lang_jinja,lang_swift,lang_nix,lang_javascript,lang_julia,lang_python,lang_cmake,lang_makefile,lang_java,lang_css,lang_vue,lang_hcl,lang_kotlin,lang_ruby,lang_shell,lang_dockerfile,lang_odin,lang_html,lang_mustache,lang_smarty,lang_handlebars,lang_php,lang_agda,lang_powershell,lang_rust,lang_c#,lang_typescript,lang_cplusplus,description,primary_language,license_name,security_policy_enabled,vulnerability_alerts_enabled,stargazers_count,network_count,subscribers_count,languages
10up,action-repo-automator,code review,50,30,3,7,4,43,18,5,3775,30,3,30,0,3775000,0,0,0,0,0,0,0,0,0,1,0,0,0,0,0,0,0,0,0,0,0,0,0,0,0,0,0,0,0,0,0,0,0,0,"GitHub Action to automate common repo operations like validate PR description, changelog, and credits.",JavaScript,MIT License,True,True,19.0,4.0,43.0,['JavaScript']
1password,load-secrets-action,security,21,30,6,11,29,14,208,10,452,30,19,30,3,452000,0,0,0,0,0,0,0,0,0,1,0,0,0,0,0,0,0,0,0,0,1,0,0,0,0,0,0,0,0,0,0,0,1,0,Load secrets from 1Password into your GitHub Actions jobs,TypeScript,MIT License,False,True,210.0,30.0,14.0,"['TypeScript', 'Shell', 'JavaScript']"
42crunch,api-security-audit-action,testing,94,30,3,3,14,4,33,4,3253,24,0,19,0,3253000,0,0,0,0,0,0,0,0,0,0,0,0,0,0,0,0,0,0,0,0,0,1,0,0,0,0,0,0,0,0,0,0,1,0,,TypeScript,Apache License 2.0,False,False,33.0,14.0,4.0,"['TypeScript', 'Dockerfile']"
8398a7,action-slack,chat,59,30,6,30,134,5,595,25,6527,30,31,30,1,6527000,0,0,0,0,0,0,0,0,0,1,0,0,0,0,0,0,0,0,0,0,1,0,0,0,0,0,0,0,0,0,0,0,1,0,Provides the function of slack notification to GitHub Actions.,TypeScript,MIT License,False,True,597.0,134.0,5.0,"['TypeScript', 'Shell', 'JavaScript']"
alexsim93,pull-request-analytics-action,monitoring,79,30,5,30,11,3,118,4,1324,30,1,30,0,1324000,0,0,0,0,0,0,0,0,0,1,0,0,0,0,0,0,0,0,0,0,1,0,0,0,0,0,0,0,0,0,0,0,1,0,"Provides informative reports on team and developer metrics, based on data from pull requests and code reviews",TypeScript,MIT License,True,False,119.0,14.0,3.0,"['TypeScript', 'JavaScript', 'Shell']"
anmol-baranwal,devtogithub,utilities,2,30,2,3,0,2,16,2,731,3,0,2,0,731000,0,0,0,0,0,0,0,0,0,1,0,0,0,0,0,0,0,0,0,0,0,0,0,0,0,0,0,0,0,0,0,0,1,0,Save your DEV.to articles and reading list on GitHub with a bunch of useful options.,TypeScript,MIT License,False,True,16.0,0.0,2.0,"['TypeScript', 'JavaScript']"
apple-actions,download-provisioning-profiles,mobile,48,18,3,3,38,12,75,3,1144,17,8,9,2,1144000,0,0,0,0,0,0,0,0,0,1,0,0,0,0,0,0,0,0,0,0,0,0,0,0,0,0,0,0,0,0,0,0,1,0,Github Action for downloading provisioning profiles from Apple AppStore Connect,TypeScript,MIT License,False,True,76.0,38.0,12.0,"['TypeScript', 'JavaScript']"
artiomtr,jest-coverage-report-action,monitoring,348,30,16,30,145,4,508,30,15362,30,42,30,4,15362000,0,0,0,0,0,0,0,0,0,1,0,0,0,0,0,0,0,0,0,0,1,0,0,0,0,0,0,0,0,0,0,0,1,0,Track your code coverage in every pull request.,TypeScript,MIT License,True,True,513.0,145.0,4.0,"['TypeScript', 'JavaScript', 'Shell']"
azure,cli,deployment,26,30,30,14,54,20,134,21,3931,30,11,30,1,3931000,0,0,0,0,0,0,0,0,0,0,0,0,0,0,0,0,0,0,0,0,0,0,0,0,0,0,0,0,0,0,0,0,1,0,Automate your GitHub workflows using Azure CLI scripts,TypeScript,MIT License,True,True,137.0,54.0,20.0,['TypeScript']
azure,k8s-deploy,deployment,214,30,30,27,105,21,263,30,31595,30,28,30,4,31595000,0,0,0,0,0,0,0,0,0,1,0,1,0,0,0,0,0,0,0,0,0,0,0,0,1,0,0,0,0,0,0,0,1,0,GitHub Action for deploying to Kubernetes clusters,TypeScript,MIT License,True,True,266.0,106.0,21.0,"['TypeScript', 'Python', 'Mustache', 'JavaScript']"
azure,k8s-lint,code review,17,30,19,3,13,16,35,16,19875,30,3,30,2,19875000,0,0,0,0,0,0,0,0,0,1,0,0,0,0,0,0,0,0,0,0,0,0,0,0,0,0,0,0,0,0,0,0,1,0,GitHub Action to validate Kubernetes manifest files,TypeScript,MIT License,True,True,35.0,13.0,16.0,"['TypeScript', 'JavaScript']"
azure,k8s-set-context,deployment,132,30,21,8,35,21,90,21,35689,30,5,30,2,35689000,0,0,0,0,0,0,0,0,0,1,0,0,0,0,0,0,0,0,0,0,0,0,0,0,0,0,0,0,0,0,0,0,1,0,GitHub Action for setting context and retrieving Kubeconfig before deploying to Kubernetes clusters,TypeScript,MIT License,True,True,90.0,37.0,21.0,"['TypeScript', 'JavaScript']"
azure,mysql,deployment,44,30,28,2,11,12,11,15,36618,30,16,30,16,36618000,0,0,0,0,0,0,0,0,0,1,0,0,0,0,0,0,0,0,0,0,0,0,0,0,0,0,0,0,0,0,0,0,1,0,Automate your GitHub workflows using Azure Action for MySQL,TypeScript,MIT License,True,True,11.0,11.0,12.0,"['TypeScript', 'JavaScript']"
azure,pipelines,deployment,8,30,26,1,88,12,81,12,3500,30,46,30,19,3500000,0,0,0,0,0,0,0,0,0,1,0,0,0,0,0,0,0,0,0,0,0,0,0,0,0,0,0,0,0,0,0,0,1,0,Enable GitHub developers to trigger Azure Pipelines from a GitHub Actions workflow,TypeScript,MIT License,True,True,80.0,89.0,12.0,"['TypeScript', 'JavaScript']"
balastrong,chess-stats-action,utilities,9,30,2,5,4,2,22,6,758,20,3,11,0,758000,0,0,0,0,0,0,0,0,0,1,0,0,0,0,0,0,0,0,0,0,1,0,0,0,0,0,0,0,0,0,0,0,1,0,‚ôüÔ∏è Automatically update your README.md with Chess.com games and stats - fully customizable,TypeScript,MIT License,False,False,22.0,4.0,2.0,"['TypeScript', 'JavaScript', 'Shell']"
betahuhn,deploy-to-vercel-action,deployment,161,30,7,30,73,4,151,15,1151,30,15,30,6,1151000,0,0,0,0,0,0,0,0,0,1,0,0,0,0,0,0,0,0,0,0,0,0,0,0,0,0,0,0,0,0,0,0,0,0,üé¨‚ñ≤ Deploy your project to Vercel using GitHub Actions. Supports PR previews and GitHub deployments.,JavaScript,MIT License,False,False,152.0,74.0,4.0,['JavaScript']
bhacaz,docs-as-code-confluence,utilities,49,30,1,9,20,1,39,4,5316,19,3,12,0,5316000,0,0,0,0,0,0,0,0,0,1,0,0,0,0,0,0,0,0,0,0,0,0,0,0,0,0,0,0,0,0,0,0,0,0,Publish the content of a folder to confluence Github Action,JavaScript,MIT License,False,False,41.0,20.0,1.0,['JavaScript']
chocobo1,setup-ccache-action,utilities,83,30,1,30,4,2,13,2,13895,20,1,9,0,13895000,0,0,0,0,0,0,0,0,0,1,0,0,0,0,0,0,0,0,0,0,0,0,0,0,0,0,0,0,0,0,0,0,1,0,"Setup ccache easily in your workflow, with all the tuning knobs you need!",TypeScript,MIT License,False,True,13.0,4.0,2.0,"['TypeScript', 'JavaScript']"
circleci-public,trigger-circleci-pipeline-action,deployment,36,30,13,10,43,13,49,15,447,30,21,30,5,447000,0,0,0,0,0,0,0,0,0,0,0,0,0,0,0,0,0,0,0,0,0,0,0,0,0,0,0,0,0,0,0,0,0,0,,,,,,,,,nan
cyberbeni,install-swift-tool,utilities,432,30,7,30,2,2,19,15,25860,30,3,30,1,25860000,0,0,0,0,0,0,0,0,0,1,0,0,0,0,0,0,0,0,0,0,0,0,0,0,0,0,0,0,0,0,0,0,1,0,GitHub Action to build and cache any Swift based tool in workflows.,TypeScript,MIT License,False,True,19.0,2.0,2.0,"['TypeScript', 'JavaScript']"
cyclonedx,gh-node-module-generatebom,security,9,30,2,4,6,6,21,5,127,22,3,17,1,127000,0,0,0,0,0,0,0,0,0,1,0,0,0,0,0,0,0,0,0,0,0,0,0,0,0,0,0,0,0,0,0,0,0,0,GitHub action to generate a CycloneDX SBOM for Node.js,JavaScript,Apache License 2.0,True,True,21.0,6.0,6.0,['JavaScript']
datadog,synthetics-ci-github-action,testing,856,30,4,30,15,8,45,17,34547,30,1,30,0,34547000,0,0,0,0,0,0,0,0,0,1,0,0,0,0,0,0,0,0,0,0,1,0,0,0,0,0,0,0,0,0,0,0,1,0,Use Browser and API tests in your CI/CD with Datadog Continuous Testing,TypeScript,Apache License 2.0,False,True,47.0,15.0,8.0,"['TypeScript', 'Shell', 'JavaScript']"
davideviolante,pr-reviews-reminder-action,code review,20,30,1,30,20,4,45,6,1232,30,4,30,0,1232000,0,0,0,0,0,0,0,0,0,1,0,0,0,0,0,0,0,0,0,0,0,0,0,0,0,0,0,0,0,0,0,0,0,0,A GitHub Action to send Slack/Teams notification for Pull Request that are waiting for reviewers.,JavaScript,MIT License,False,True,45.0,19.0,4.0,['JavaScript']
delaguardo,setup-clojure,utilities,65,30,5,30,30,9,194,14,9436,30,13,30,4,9436000,0,0,0,0,0,0,0,0,0,1,0,0,0,0,0,0,0,0,0,0,0,0,0,0,0,0,0,0,0,0,0,0,1,0,"GitHub Action to provision clojure's most popular build tools for Linux, Mac OS X and Windows.",TypeScript,MIT License,False,True,195.0,30.0,9.0,"['TypeScript', 'JavaScript']"
dependencytrack,gh-upload-sbom,security,4,30,3,6,26,5,48,13,127,30,6,27,2,127000,0,0,0,0,0,0,0,0,0,1,0,0,0,0,0,0,0,0,0,0,0,0,0,0,0,0,0,0,0,0,0,0,0,0,Publishes BOMs to Dependency-Track from GitHub Actions,JavaScript,Apache License 2.0,False,True,50.0,28.0,5.0,['JavaScript']
devcyclehq,feature-flag-code-usage-action,code review,419,30,7,16,4,6,19,11,1306,30,2,30,2,1306000,0,0,0,0,0,0,0,0,0,0,0,0,0,0,0,0,0,0,0,0,0,0,0,0,0,0,0,0,0,0,0,0,0,0,,,,,,,,,nan
devcyclehq,feature-flag-pr-insights-action,code review,403,30,10,20,3,6,19,10,1668,30,5,30,4,1668000,0,0,0,0,0,0,0,0,0,0,0,0,0,0,0,0,0,0,0,0,0,0,0,0,0,0,0,0,0,0,0,0,0,0,,,,,,,,,nan
dopplerhq,cli-action,security,15,29,3,3,9,4,52,3,1589,12,2,12,2,1589000,0,0,0,0,0,0,0,0,0,1,0,0,0,0,0,0,0,0,0,0,0,0,0,0,0,0,0,0,0,0,0,0,0,0,GitHub Action for installing the Doppler CLI,JavaScript,Apache License 2.0,False,True,52.0,9.0,4.0,['JavaScript']
expediagroup,github-helpers,utilities,70,30,2,30,29,3,35,22,11017,30,3,30,2,11017000,0,0,0,0,0,0,0,0,0,1,0,0,0,0,0,0,0,0,0,0,1,0,0,0,0,0,1,0,0,0,0,0,1,0,A collection of Github Actions that simplify and standardize common CI/CD workflow tasks.,TypeScript,Apache License 2.0,False,True,35.0,29.0,4.0,"['TypeScript', 'Handlebars', 'JavaScript', 'Shell']"
expediagroup,spinnaker-pipeline-trigger,project management,755,30,13,9,8,3,15,7,3285,30,11,30,7,3285000,0,0,0,0,0,0,0,0,0,1,0,0,0,0,0,0,0,0,0,0,0,0,0,0,0,0,0,0,0,0,0,0,1,0,Pipeline trigger for Spinnaker utilizing SNS,TypeScript,Apache License 2.0,False,True,15.0,7.0,3.0,"['TypeScript', 'JavaScript']"
grantbirki,git-diff-action,utilities,47,30,1,20,3,2,16,4,2018,30,1,30,0,2018000,0,0,0,0,0,0,0,0,0,1,0,0,0,0,0,0,0,0,0,0,1,0,0,0,0,0,0,0,0,0,0,0,0,0,A GitHub Action for gathering the git diff of a pull request in raw or JSON format,JavaScript,MIT License,True,True,16.0,3.0,2.0,"['JavaScript', 'Shell']"
greentf,upload-thunderstore-package,publishing,6,30,5,16,4,2,15,3,174,30,0,16,0,174000,0,0,0,0,0,0,0,0,0,1,0,0,0,0,0,0,0,0,0,0,1,1,0,0,0,0,0,0,0,0,0,0,0,0,Github action that uses the thunderstore CLI to upload a package to thunderstore,Shell,GNU General Public License v3.0,False,True,15.0,4.0,2.0,"['Shell', 'JavaScript', 'Dockerfile']"
hardnorth,github-version-generate,publishing,37,30,2,9,3,2,24,2,1391,30,0,30,0,1391000,0,0,0,0,0,0,0,0,0,1,0,0,0,0,0,0,0,0,0,0,0,0,0,0,0,0,0,0,0,0,0,0,0,0,"A GitHub action for application version bump, generation, reading and format in release pipelines",JavaScript,Apache License 2.0,False,True,24.0,3.0,2.0,['JavaScript']
hatsunemiku3939,direnv-action,testing,71,30,4,8,12,3,27,3,5226,30,8,30,3,5226000,0,0,0,0,0,0,0,0,0,1,0,0,0,0,0,0,0,0,0,0,0,0,0,0,0,0,0,0,0,0,0,0,0,0,Provide environment variables via direnv.,JavaScript,MIT License,False,True,28.0,12.0,3.0,['JavaScript']
jamesives,fetch-api-data-action,utilities,473,30,7,27,13,2,115,7,35535,30,3,30,2,35535000,0,0,0,0,0,0,0,0,0,1,0,0,0,0,0,0,0,0,0,0,0,0,0,0,0,0,0,0,0,0,0,0,1,0,"üöö  GitHub action for handling authenticated API requests, allowing you to save the data from the request into your workspace as an environment variable and a .json file.",TypeScript,MIT License,True,True,117.0,13.0,2.0,"['TypeScript', 'JavaScript']"
jamesives,github-pages-deploy-action,deployment,509,30,14,30,367,18,4352,30,85019,30,9,30,3,85019000,0,0,0,0,0,0,0,0,0,1,0,0,0,0,0,0,0,0,0,0,0,0,0,1,0,0,0,0,0,0,0,0,1,0,üöÄ Automatically deploy your project to GitHub Pages using GitHub Actions. This action can be configured to push your production-ready code into any branch you'd like.,TypeScript,MIT License,True,True,4361.0,368.0,18.0,"['TypeScript', 'JavaScript', 'HTML']"
jarvusinnovations,background-action,utilities,34,30,4,5,10,5,33,7,2378,30,6,30,2,2378000,0,0,0,0,0,0,0,0,0,1,0,0,0,0,0,0,0,0,0,0,0,0,0,0,0,0,0,0,0,0,0,0,0,0,Background commands with log tailing/capture; waits until file/port/socket/http are ready to proceed. Isolates/dedupe errors.,JavaScript,Apache License 2.0,False,True,34.0,10.0,5.0,['JavaScript']
jasonetco,build-and-tag-action,publishing,80,30,1,16,36,4,96,7,539,30,16,30,7,539000,0,0,0,0,0,0,0,0,0,0,0,0,0,0,0,0,0,0,0,0,0,0,0,0,0,0,0,0,0,0,0,0,1,0,üì¶üîñ A GitHub Action for publishing JavaScript Actions,TypeScript,MIT License,False,True,96.0,36.0,4.0,['TypeScript']
jasonetco,create-an-issue,project management,112,30,4,22,87,10,274,11,1221,30,21,30,5,1221000,0,0,0,0,0,0,0,0,0,0,0,0,0,0,0,0,0,0,0,0,0,0,0,0,0,0,0,0,0,0,0,0,1,0,A GitHub Action for creating a new issue from a template file.,TypeScript,MIT License,False,True,276.0,88.0,10.0,['TypeScript']
jetbrains,qodana-action,security,320,30,24,30,40,15,270,15,20491,30,4,30,3,20491000,0,0,0,0,0,0,0,0,0,1,0,0,0,0,0,0,0,0,1,0,1,0,0,0,0,0,0,0,0,0,0,0,1,0,"‚öôÔ∏è Scan your Go, Java, Kotlin, PHP, Python, JavaScript, TypeScript, .NET projects at GitHub with Qodana. This repository contains Qodana for Azure, GitHub, CircleCI and Gradle",JavaScript,Apache License 2.0,True,True,269.0,40.0,15.0,"['JavaScript', 'TypeScript', 'Kotlin', 'Shell']"
jorelali,setup-elm,continuous integration,7,30,2,6,6,3,29,7,108,12,1,8,0,108000,0,0,0,0,0,0,0,0,0,1,0,0,0,0,0,0,0,0,0,0,0,0,0,0,0,0,0,0,0,0,0,0,0,0,Set up your GitHub Actions workflow with a specific version of Elm,JavaScript,MIT License,False,True,29.0,6.0,3.0,['JavaScript']
jtalk,url-health-check-action,testing,35,30,1,13,18,3,75,5,252,29,1,17,0,252000,0,0,0,0,0,0,0,0,0,1,0,0,0,0,0,0,0,0,0,0,0,0,0,0,0,0,0,0,0,0,0,0,0,0,A cURL-based health check with build-in retry ,JavaScript,MIT License,False,True,75.0,18.0,3.0,['JavaScript']
julienkode,team-labeler-action,code review,589,30,15,6,43,2,49,10,55643,30,9,30,7,55643000,0,0,0,0,0,0,0,0,0,1,0,0,0,0,0,0,0,0,0,0,0,0,0,0,0,0,0,0,0,0,0,0,1,0,‚ö°Ô∏è Github action to label your pull requests based on the author name ‚ö°Ô∏è,TypeScript,Apache License 2.0,False,True,49.0,43.0,2.0,"['TypeScript', 'JavaScript']"
kylemayes,install-llvm-action,dependency management,284,30,2,29,52,6,110,11,1473,30,3,30,2,1473000,0,0,0,0,0,0,0,0,0,0,0,0,0,0,0,0,0,0,0,0,0,0,0,0,0,0,0,0,0,1,0,0,1,0,A GitHub Action for downloading and installing LLVM and Clang binaries.,TypeScript,Apache License 2.0,False,True,112.0,53.0,6.0,"['TypeScript', 'PowerShell']"
legion2,swagger-ui-action,utilities,41,30,8,13,8,2,53,4,2942,30,11,30,7,2942000,0,0,0,0,0,0,0,0,0,1,0,0,0,0,0,0,0,0,0,0,0,0,0,1,0,0,0,0,0,0,0,0,1,0,Generate Swagger UI in a GitHub Actions workflow,TypeScript,MIT License,False,True,54.0,8.0,2.0,"['TypeScript', 'HTML', 'JavaScript']"
louisbrunner,checks-action,api management,40,30,2,14,57,5,207,7,2013,30,4,30,0,2013000,0,0,0,0,0,0,0,0,0,1,0,0,0,0,0,0,0,0,0,0,0,0,0,0,0,0,0,0,0,0,0,0,1,0,GitHub Action which wraps calls to GitHub Checks API,TypeScript,MIT License,False,True,208.0,57.0,5.0,"['TypeScript', 'JavaScript']"
luisalejandro,movie-box,utilities,200,30,7,4,8,2,23,4,868,30,3,30,3,868000,0,0,0,0,0,0,0,0,0,1,0,0,0,1,0,0,0,0,0,0,0,1,0,0,0,1,0,0,0,0,0,0,0,0,üì∫ Get your last watched movies and shows (+more) report from trakt.tv in a GitHub Gist. ,JavaScript,GNU General Public License v3.0,False,True,23.0,8.0,2.0,"['JavaScript', 'Makefile', 'Dockerfile', 'Smarty']"
markusjx,install-boost,continuous integration,120,30,4,15,4,2,68,4,3507,30,2,24,2,3507000,0,0,0,0,0,0,0,0,0,0,0,0,1,0,0,0,0,0,0,0,0,0,0,0,0,0,0,0,0,0,0,0,1,1,Install boost on Github actions,TypeScript,MIT License,False,False,68.0,4.0,2.0,"['TypeScript', 'CMake', 'C++']"
mastersam07,firebase-app-distribution-action,publishing,64,11,5,3,4,2,18,3,881,20,5,18,4,881000,0,0,0,0,0,0,0,0,0,1,0,0,0,0,0,0,0,0,0,0,0,0,0,0,0,0,0,0,0,0,0,0,0,0,Action to upload app artifacts (.apk or .ipa) to Firebase App Distribution.,JavaScript,MIT License,False,False,18.0,4.0,2.0,['JavaScript']
meilcli,npm-update-check-action,utilities,30,30,6,30,1,3,24,4,3939,30,3,30,3,3939000,0,0,0,0,0,0,0,0,0,1,0,0,0,0,0,0,0,0,0,1,0,0,0,0,0,0,0,0,0,0,0,0,1,0,npm new package version check action for GitHub Actions.,TypeScript,MIT License,False,True,24.0,1.0,3.0,"['TypeScript', 'JavaScript', 'Ruby']"
mishakav,pytest-coverage-comment,testing,41,30,6,30,60,2,192,15,714,30,11,30,6,714000,0,0,0,0,0,0,0,0,0,1,0,0,0,0,0,0,0,0,0,0,0,0,0,0,0,0,0,0,0,0,0,0,0,0,Comments a pull request with the pytest code coverage badge and full report,JavaScript,MIT License,False,True,197.0,61.0,2.0,['JavaScript']
morrisoncole,pr-lint-action,utilities,503,30,4,19,23,3,65,13,57435,30,14,30,0,57435000,0,0,0,0,0,0,0,0,0,1,0,0,0,0,0,0,0,0,0,0,0,0,0,0,0,0,0,0,0,0,0,0,1,0,:octocat:  A fast üî• TypeScript GitHub Action to ensure that your PR title matches a given regex.,JavaScript,MIT License,False,True,65.0,23.0,3.0,"['JavaScript', 'TypeScript']"
mozilla-actions,sccache-action,dependency management,33,30,6,7,24,2,129,14,1255,30,15,30,5,1255000,0,0,0,0,0,0,0,0,0,0,0,0,0,0,0,0,0,0,0,0,0,0,0,0,0,0,0,0,0,0,0,0,1,0,sccache github action,TypeScript,Apache License 2.0,False,True,128.0,24.0,2.0,['TypeScript']
octopusdeploy,install-octopus-cli-action,deployment,25,30,6,16,18,17,82,17,11777,30,10,30,1,11777000,0,0,0,0,0,0,0,0,0,1,0,0,0,0,0,0,0,0,0,0,0,0,0,0,0,0,0,0,0,0,0,0,1,0,| Public |  :octocat: GitHub Action to Install the Octopus CLI,TypeScript,Other,True,True,82.0,18.0,17.0,"['TypeScript', 'JavaScript']"
reactivecircus,android-emulator-runner,testing,28,30,6,30,201,15,1014,30,1968,30,76,30,8,1968000,0,0,0,0,0,0,0,0,0,1,0,0,0,0,0,0,0,0,1,0,0,0,0,0,0,0,0,0,0,0,0,0,1,0,"A GitHub Action for installing, configuring and running hardware-accelerated Android Emulators on macOS virtual machines.",TypeScript,Apache License 2.0,False,True,1024.0,202.0,15.0,"['TypeScript', 'JavaScript', 'Kotlin']"
readme-workflows,recent-activity,utilities,129,30,12,15,45,2,135,10,26228,30,10,30,9,26228000,0,0,0,0,0,0,0,0,0,1,0,0,0,0,0,0,0,0,0,0,0,0,0,0,0,0,0,0,0,0,0,0,0,0,Add your recent activity to your profile readme!,JavaScript,MIT License,True,True,136.0,45.0,2.0,['JavaScript']
rebilly,lexi,code review,582,30,1,14,2,21,39,7,5829,30,1,30,0,5829000,0,0,0,0,0,0,0,0,0,0,0,0,0,0,0,1,1,0,0,0,0,0,0,1,0,0,0,0,0,0,0,0,1,0,Reduce content complexity,TypeScript,MIT License,False,True,39.0,2.0,21.0,"['TypeScript', 'Vue', 'HTML', 'CSS']"
reedyuk,npm-version,publishing,8,30,1,7,5,3,19,5,60,9,1,5,0,60000,0,0,0,0,0,0,0,0,0,1,0,0,0,0,0,0,0,0,0,0,0,0,0,0,0,0,0,0,0,0,0,0,0,0,,JavaScript,GNU General Public License v3.0,False,True,19.0,5.0,3.0,['JavaScript']
reggionick,s3-deploy,deployment,10,30,10,12,84,4,249,18,477,30,14,30,3,477000,0,0,0,0,0,0,0,0,0,1,0,0,0,0,0,0,0,0,0,0,0,0,0,0,0,0,0,0,0,0,0,0,0,0,Easily deploy a static website to AWS S3 and invalidate CloudFront distribution,JavaScript,MIT License,False,True,250.0,86.0,4.0,['JavaScript']
satak,webrequest-action,utilities,19,30,3,10,16,2,48,2,1120,30,2,30,2,1120000,0,0,0,0,0,0,0,0,0,1,0,0,0,0,0,0,0,0,0,0,0,0,0,0,0,0,0,0,0,1,0,0,0,0,GitHub action for web requests,JavaScript,MIT License,False,True,49.0,16.0,2.0,"['JavaScript', 'PowerShell']"
scribemd,docker-cache,utilities,575,30,4,26,28,1,105,4,50542,30,14,30,6,50542000,0,0,0,0,0,0,0,0,0,0,0,0,0,0,0,0,0,0,0,0,0,1,0,0,0,0,0,0,0,0,0,0,1,0,Cache Docker Images Whether Built or Pulled,TypeScript,MIT License,False,True,106.0,28.0,1.0,"['TypeScript', 'Dockerfile']"
sethcohen,github-releases-to-discord,deployment,35,30,1,26,9,2,29,7,1232,30,1,30,0,1232000,0,0,0,0,0,0,0,0,0,1,0,0,0,0,0,0,0,0,0,0,0,0,0,0,0,0,0,0,0,0,0,0,0,0,Posts a GitHub Release changelog to a specified Discord channel,JavaScript,MIT License,False,False,29.0,10.0,2.0,['JavaScript']
simonscholz,google-chat-action,chat,38,30,7,2,5,2,19,2,981,30,7,30,6,981000,0,0,0,0,0,0,0,0,0,0,0,0,0,0,0,0,0,0,0,0,0,0,0,0,0,0,0,0,0,0,0,0,1,0,GitHub Action to send notifications to a google chat using the cards v2 syntax,TypeScript,Apache License 2.0,False,False,20.0,5.0,2.0,['TypeScript']
spectralops,spectral-github-action,security,12,28,3,5,9,3,14,8,199,15,1,10,1,199000,0,0,0,0,0,0,0,0,0,1,0,0,0,0,0,0,0,0,0,0,0,0,0,0,0,0,0,0,0,0,0,0,0,0,Spectral Security Integration into your Github Actions pipeline,JavaScript,MIT License,False,False,14.0,9.0,3.0,['JavaScript']
svanboxel,zaproxy-to-ghas,testing,25,30,2,3,4,3,16,4,326,30,6,30,2,326000,0,0,0,0,0,0,0,0,0,1,0,0,0,0,0,0,0,0,0,0,0,0,0,0,0,0,0,0,0,0,0,0,1,0,Present ZAProxy results in GitHub Advanced Security ,TypeScript,MIT License,True,False,16.0,4.0,3.0,"['TypeScript', 'JavaScript']"
themrmilchmann,setup-msvc-dev,utilities,133,30,5,7,2,3,15,3,241025,30,1,30,1,241025000,0,0,0,0,0,0,0,0,0,0,0,0,0,0,0,0,0,0,0,0,0,0,0,0,0,0,0,0,0,0,0,0,1,0,Github Action to set up a Developer Command Prompt for Microsoft Visual C++,TypeScript,MIT License,False,True,15.0,2.0,3.0,['TypeScript']
timdaub,hetzner-cloud-deploy-server-action,deployment,5,30,1,1,14,6,33,2,92,19,7,3,0,92000,0,0,0,0,0,0,0,0,0,1,0,0,0,0,0,0,0,0,0,0,0,0,0,0,0,0,0,0,0,0,0,0,0,0,Deploy a Hetzner Cloud Server from a GitHub Action.,JavaScript,GNU General Public License v3.0,False,False,33.0,14.0,6.0,['JavaScript']
tinkurlab,issue-labeler-action,project management,26,30,4,10,2,2,12,2,1008,30,4,30,2,1008000,0,0,0,0,0,0,0,0,0,1,0,0,0,0,0,0,0,0,0,0,1,1,0,0,0,0,0,0,0,0,0,0,0,0,üè∑ A GitHub Action that adds labels to an issue based on a string in the issue description.,JavaScript,ISC License,False,True,12.0,2.0,2.0,"['JavaScript', 'Dockerfile', 'Shell']"
tinkurlab,monorepo-pr-labeler-action,code review,28,30,4,15,14,4,99,8,618,30,7,30,3,618000,0,0,0,0,0,0,0,0,0,1,0,0,0,0,0,0,0,0,0,0,0,0,0,0,0,0,0,0,0,0,0,0,0,0,üöä A GitHub Action that labels PRs with the repo(s) impacted in a monorepo.,JavaScript,ISC License,False,True,99.0,14.0,4.0,['JavaScript']
tryghost,action-deploy-theme,deployment,420,30,2,14,47,14,363,15,1104,30,6,30,2,1104000,0,0,0,0,0,0,0,0,0,1,0,0,0,0,0,0,0,0,0,0,0,0,0,0,0,0,0,0,0,0,0,0,0,0,:octocat: Deploy your Ghost theme with Github Actions,JavaScript,MIT License,True,True,366.0,47.0,14.0,['JavaScript']
tyrrrz,action-http-request,utilities,9,27,1,1,5,2,15,2,33,9,0,9,0,33000,0,0,0,0,0,0,0,0,0,1,0,0,0,0,0,0,0,0,0,0,0,0,0,0,0,0,0,0,0,0,0,0,0,0,GitHub Action that sends an HTTP request,JavaScript,MIT License,False,True,16.0,5.0,2.0,['JavaScript']
wandalen,wretry.action,deployment,16,30,2,30,24,4,107,8,9202,30,4,30,0,9202000,0,0,0,0,0,0,0,0,0,1,0,0,0,0,0,0,0,0,0,0,0,0,0,0,0,0,0,0,0,0,0,0,0,0,Retry action for Github CI,JavaScript,MIT License,False,False,108.0,24.0,4.0,['JavaScript']
yockow,action-setup-swift,utilities,39,30,6,28,3,2,22,3,10133,30,0,30,0,10133000,0,0,0,0,0,0,0,1,0,1,0,1,0,0,0,0,0,0,0,0,1,0,0,0,0,0,0,0,0,0,0,0,1,0,GitHub Action that sets up Swift.,JavaScript,MIT License,False,True,22.0,3.0,2.0,"['JavaScript', 'TypeScript', 'Python', 'Swift', 'Shell']"
zqzqsb,multisourcesnake,utilities,1154,21,1,11,0,1,25,1,2657,0,0,0,0,2657000,0,0,0,0,0,0,0,0,0,0,0,0,0,0,0,0,0,0,0,0,0,1,0,0,0,0,0,0,0,0,0,0,1,0,,TypeScript,MIT License,False,False,26.0,0.0,1.0,"['TypeScript', 'Dockerfile']"
agallea,tests-coverage-report,code review,40,30,21,10,0,1,24,3,1340,30,7,30,4,1340000,0,0,0,0,0,0,0,0,0,1,0,0,0,0,0,0,0,0,0,0,0,0,0,0,0,0,0,0,0,0,0,0,1,0,Github action for tests coverage report,TypeScript,MIT License,False,True,25.0,0.0,1.0,"['TypeScript', 'JavaScript']"
abel0b,setup-premake,continuous integration,10,28,2,6,6,3,17,6,203,11,0,7,0,203000,0,0,0,0,0,0,0,0,0,0,0,0,0,0,0,0,0,0,0,0,0,0,0,0,0,0,0,0,0,0,0,0,0,0,,,,,,,,,nan
abeyuya,actions-mention-to-slack,chat,45,30,12,6,21,2,58,4,9103,30,11,30,10,9103000,0,0,0,0,0,0,0,0,0,1,0,0,0,0,0,0,0,0,0,0,0,0,0,0,0,0,0,0,0,0,0,0,1,0,Github Action for convert Github mention to Slack mention.,TypeScript,MIT License,False,True,58.0,21.0,2.0,"['TypeScript', 'JavaScript']"
abronin,ecr-retag-action,utilities,594,25,1,8,8,2,28,1,2206,10,2,6,1,2206000,0,0,0,0,0,0,0,0,0,1,0,0,0,0,0,0,0,0,0,0,0,0,0,0,0,0,0,0,0,0,0,0,0,0,:octocat: GitHub Action to retag existing Docker image in AWS ECR,JavaScript,MIT License,False,False,28.0,8.0,2.0,['JavaScript']
antongolub,action-setup-bun,continuous integration,176,30,3,30,0,3,50,2,2331,30,2,30,2,2331000,0,0,0,0,0,0,0,0,0,1,0,0,0,0,0,0,0,0,0,0,0,0,0,0,0,0,0,0,0,0,0,0,1,0,Setup GitHub Actions workflow with a specific version of Bun,TypeScript,MIT License,False,True,50.0,0.0,3.0,"['TypeScript', 'JavaScript']"
apexskier,github-release-commenter,utilities,614,30,5,30,4,3,24,3,2003,30,7,30,2,2003000,0,0,0,0,0,0,0,0,0,0,0,0,0,0,0,0,0,0,0,0,0,0,0,0,0,0,0,0,0,0,0,0,0,0,,,,,,,,,nan
aquiladev,ipfs-action,deployment,396,30,8,29,46,3,179,4,31794,30,9,30,6,31794000,0,0,0,0,0,0,0,0,0,1,0,0,0,0,0,0,0,0,0,0,1,0,0,0,0,0,0,0,0,0,0,0,0,0,"GitHub Action for upload to IPFS. Supports Pinata, Infura pinning service as well as direct upload.",JavaScript,MIT License,False,True,180.0,46.0,3.0,"['JavaScript', 'Shell']"
ardalanamini,auto-changelog,utilities,602,30,6,28,15,2,26,4,7842,30,8,30,5,7842000,0,0,0,0,0,0,0,0,0,0,0,0,0,0,0,0,0,0,0,0,0,0,0,0,0,0,0,0,0,0,0,0,1,0,Github Automatic Changelog action,TypeScript,MIT License,False,True,26.0,15.0,2.0,['TypeScript']
arduino,arduino-lint-action,testing,92,30,5,4,9,10,47,9,4220,30,6,30,2,4220000,0,0,0,0,0,0,0,0,0,1,0,0,0,0,0,0,0,0,0,0,0,0,0,0,0,0,0,0,0,0,0,0,1,0,GitHub Actions action to check Arduino projects for problems,TypeScript,Apache License 2.0,True,True,47.0,9.0,10.0,"['TypeScript', 'JavaScript']"
arduino,setup-arduino-cli,utilities,22,30,4,5,10,15,76,9,1073,30,2,30,1,1073000,0,0,0,0,0,0,0,0,0,1,0,0,0,0,0,0,0,0,0,0,0,0,0,0,0,0,0,0,0,0,0,0,1,0,GitHub Action to setup Arduino CLI,TypeScript,MIT License,True,True,76.0,10.0,15.0,"['TypeScript', 'JavaScript']"
ashutoshvarma,action-cmake-build,testing,5,30,27,1,10,2,24,3,871,30,31,30,14,871000,0,0,0,0,0,0,0,0,0,1,0,0,1,0,0,0,0,0,0,0,0,0,0,0,0,0,0,0,0,0,0,0,1,1,Github action for cmake based projects,TypeScript,MIT License,False,True,24.0,10.0,2.0,"['TypeScript', 'JavaScript', 'CMake', 'C++']"
ashutoshvarma,setup-ninja,utilities,62,30,8,2,7,1,15,3,1846,24,12,20,9,1846000,0,0,0,0,0,0,0,0,0,1,0,0,0,0,0,0,0,0,0,0,0,0,0,0,0,0,0,0,0,0,0,0,1,0,Set up your GitHub Actions workflow with a specific version of ninja,TypeScript,MIT License,False,True,15.0,7.0,1.0,"['TypeScript', 'JavaScript']"
aslafy-z,conventional-pr-title-action,code review,126,30,9,30,35,3,85,7,16446,30,0,30,0,16446000,0,0,0,0,0,0,0,0,0,1,0,0,0,0,0,0,0,0,0,0,0,1,0,0,0,0,0,0,0,0,0,0,0,0,Ensure your PR title matches the Conventional Commits spec.,JavaScript,MIT License,False,False,86.0,35.0,3.0,"['JavaScript', 'Dockerfile']"
astral-sh,setup-uv,utilities,107,30,10,30,25,4,286,14,6462,30,13,30,1,6462000,0,0,0,0,0,0,0,0,0,1,0,1,0,0,0,0,0,0,0,0,0,0,0,0,0,0,0,0,0,0,0,0,1,0,Set up your GitHub Actions workflow with a specific version of https://docs.astral.sh/uv/,TypeScript,MIT License,False,False,307.0,28.0,4.0,"['TypeScript', 'Python', 'JavaScript']"
atalent-labs,404-links,code quality,51,30,3,11,2,2,18,3,11655,30,2,30,2,11655000,0,0,0,0,0,0,0,0,0,1,0,0,0,0,0,0,0,0,0,0,0,1,0,0,0,0,0,0,0,0,0,0,0,0,üö® | The only Github Action that will open pull request review when a broken link has been found in one of your markdown documentation.,JavaScript,MIT License,False,True,19.0,2.0,2.0,"['JavaScript', 'Dockerfile']"
atlassian,gajira-create,project management,612,30,7,6,33,34,60,7,889,30,16,30,3,889000,0,0,0,0,0,0,0,0,0,1,0,0,0,0,0,0,0,0,0,0,1,0,0,0,0,0,0,0,0,0,0,0,0,0,,JavaScript,Other,False,True,61.0,33.0,34.0,"['JavaScript', 'Shell']"
auguwu,clippy-action,utilities,5,30,1,9,3,1,18,4,4479,30,1,30,0,4479000,0,0,0,0,0,0,0,0,0,1,0,0,0,0,0,0,0,0,0,0,0,0,0,0,0,0,0,0,0,0,1,0,1,0,"üêª‚Äç‚ùÑÔ∏èüì¶ GitHub action to run Clippy, an up-to-date and modern version of actions-rs/clippy",TypeScript,Apache License 2.0,False,True,18.0,3.0,1.0,"['TypeScript', 'JavaScript', 'Rust']"
autero1,action-terragrunt,deployment,39,30,9,13,25,4,59,11,1404,30,6,30,3,1404000,0,0,0,0,0,0,0,0,0,1,0,0,0,0,0,0,0,0,0,0,0,0,0,0,0,0,0,0,0,0,0,0,1,0,GitHub action for setting up Terragrunt https://terragrunt.gruntwork.io,JavaScript,MIT License,False,True,59.0,27.0,4.0,"['JavaScript', 'TypeScript']"
aws-actions,amazon-ecr-login,deployment,102,30,6,30,180,23,957,26,32618,30,32,30,2,32618000,0,0,0,0,0,0,0,0,0,1,0,0,0,0,0,0,0,0,0,0,0,0,0,0,0,0,0,0,0,0,0,0,0,0,Logs into Amazon ECR with the local Docker client.,JavaScript,MIT License,True,True,960.0,182.0,23.0,['JavaScript']
aws-actions,amazon-ecs-render-task-definition,deployment,96,30,10,30,148,11,292,25,3468,30,30,30,3,3468000,0,0,0,0,0,0,0,0,0,1,0,0,0,0,0,0,0,0,0,0,0,0,0,0,0,0,0,0,0,0,0,0,0,0,Inserts a container image URI into an Amazon ECS task definition JSON file.,JavaScript,MIT License,True,True,292.0,149.0,11.0,['JavaScript']
aws-actions,aws-secretsmanager-get-secrets,security,106,30,11,17,38,6,151,8,2739,30,16,30,8,2739000,0,0,0,0,0,0,0,0,0,1,0,0,0,0,0,0,0,0,0,0,0,0,0,0,0,0,0,0,0,0,0,0,1,0,,TypeScript,MIT No Attribution,True,True,155.0,39.0,6.0,"['TypeScript', 'JavaScript']"
balena-io,deploy-to-balena-action,container ci,196,30,30,30,14,15,39,20,2922,30,31,30,4,2922000,0,0,0,0,0,0,0,0,0,1,0,0,0,0,0,0,0,0,0,0,1,1,0,0,0,0,0,0,0,0,0,0,1,0,Official Github action to deploy releases to balenaCloud environments,TypeScript,Apache License 2.0,False,True,39.0,14.0,15.0,"['TypeScript', 'JavaScript', 'Dockerfile', 'Shell']"
batista,lint-filenames,utilities,36,30,12,3,6,2,31,3,1426,30,14,30,6,1426000,0,0,0,0,0,0,0,0,0,1,0,0,0,0,0,0,0,0,0,0,0,0,0,0,0,0,0,0,0,0,0,0,1,0,A simple github action that validates if all files in a given folder match the given regex pattern.,TypeScript,MIT License,False,True,31.0,5.0,2.0,"['TypeScript', 'JavaScript']"
bazelbuild,setup-bazelisk,testing,76,30,1,4,9,5,56,7,1902,30,0,30,0,1902000,0,0,0,0,0,0,0,0,0,0,0,0,0,0,0,0,0,0,0,0,1,0,0,0,0,0,0,0,0,0,0,0,1,0,Set up your GitHub Actions workflow with a specific version of Bazelisk,TypeScript,MIT License,True,False,56.0,9.0,5.0,"['TypeScript', 'Shell']"
benc-uk,workflow-dispatch,deployment,5,30,4,4,128,6,339,5,486,30,12,30,3,486000,0,0,0,0,0,0,0,0,0,1,0,0,0,0,0,0,0,0,0,0,0,0,0,0,0,0,0,0,0,0,0,0,1,0,"A GitHub Action for triggering workflows, using the `workflow_dispatch` event",TypeScript,MIT License,False,True,342.0,129.0,6.0,"['TypeScript', 'JavaScript']"
benchmark-action,github-action-benchmark,code quality,104,30,6,30,166,7,1064,30,5648,30,111,30,12,5648000,0,0,0,0,0,0,0,0,0,1,0,0,0,0,0,0,0,0,0,0,1,0,0,1,0,0,0,0,0,0,0,0,1,0,GitHub Action for continuous benchmarking to keep performance,TypeScript,MIT License,False,True,1069.0,167.0,7.0,"['TypeScript', 'JavaScript', 'Shell', 'HTML']"
biomejs,setup-biome,utilities,45,30,1,10,8,7,63,11,1288,30,1,30,0,1288000,0,0,0,0,0,0,0,0,0,0,0,0,0,0,0,0,0,0,0,0,0,0,0,0,0,0,0,0,0,0,0,0,1,0,Setup the Biome CLI in GitHub Actions,TypeScript,MIT License,False,False,65.0,8.0,7.0,['TypeScript']
blombard,move-to-next-iteration,utilities,25,30,1,6,16,1,38,5,141,25,6,11,0,141000,0,0,0,0,0,0,0,0,0,1,0,0,0,0,0,0,0,0,0,0,0,0,0,0,0,0,0,0,0,0,0,0,0,0,Automatically move issues to next iteration,JavaScript,MIT License,False,True,39.0,17.0,1.0,['JavaScript']
bobheadxi,deployments,deployment,36,30,9,24,63,7,387,25,32070,30,12,30,6,32070000,0,0,0,0,0,0,0,0,0,1,0,0,0,1,0,0,0,0,0,0,0,0,0,0,0,0,0,0,0,0,0,0,1,0,üîñ GitHub Action for working painlessly with deployment statuses,TypeScript,MIT License,False,True,387.0,63.0,7.0,"['TypeScript', 'JavaScript', 'Makefile']"
borchero,terraform-plan-comment,deployment,596,16,2,7,13,4,91,4,559,30,14,24,3,559000,0,0,0,0,0,0,0,0,0,1,0,0,0,0,0,0,0,1,0,0,1,0,0,0,0,0,0,0,0,0,0,0,1,0,"GitHub Action to post the output of ""terraform plan"" to a pull request comment.",TypeScript,MIT License,False,True,94.0,13.0,4.0,"['TypeScript', 'JavaScript', 'HCL', 'Shell']"
brown-ccv,alex-recommends,code review,363,23,12,6,3,4,28,6,1178,26,14,21,11,1178000,0,0,0,0,0,0,0,0,0,1,0,0,0,0,0,0,0,0,0,0,0,0,0,0,0,0,0,0,0,0,0,0,0,0,Github Action to run Alex on PRs,JavaScript,MIT License,False,True,28.0,3.0,4.0,['JavaScript']
chf007,action-wechat-work,chat,10,30,3,9,16,2,36,3,863,17,3,10,2,863000,0,0,0,0,0,0,0,0,0,1,0,0,0,0,0,0,0,0,0,0,0,0,0,0,0,0,0,0,0,0,0,0,0,0,üöÄ GitHub Action that sends a WeChat Work notification. ,JavaScript,MIT License,False,True,36.0,16.0,2.0,['JavaScript']
chrisdickinson,setup-yq,utilities,8,21,1,1,21,4,28,4,44,14,3,7,1,44000,0,0,0,0,0,0,0,0,0,1,0,0,0,0,0,0,0,0,0,0,0,0,0,0,0,0,0,0,0,0,0,0,0,0,,JavaScript,Apache License 2.0,False,True,28.0,21.0,4.0,['JavaScript']
cloudflare,pages-action,deployment,44,30,2,8,99,14,472,17,263,30,17,30,0,263000,0,0,0,0,0,0,0,0,0,1,0,0,0,0,0,1,0,0,0,0,1,0,0,1,0,0,0,0,0,0,0,0,1,0,"üõë DEPRECATED, please use wrangler-action",JavaScript,MIT License,True,False,471.0,99.0,14.0,"['JavaScript', 'TypeScript', 'CSS', 'HTML', 'Shell']"
codfish,semantic-release-action,deployment,532,30,5,29,20,3,114,9,682,30,3,30,0,682000,0,0,0,0,0,0,0,0,0,1,0,0,0,0,0,0,0,0,0,0,0,1,0,0,0,0,0,0,0,0,0,0,0,0,The Original GitHub Action for running semantic-release. Sets output and environment variables for you to use in subsequent actions.,JavaScript,MIT License,False,False,114.0,20.0,3.0,"['JavaScript', 'Dockerfile']"
corymhall,cdk-diff-action,continuous integration,845,30,4,30,10,1,47,5,99746,30,8,30,1,99746000,0,0,0,0,0,0,0,0,0,0,0,0,0,0,0,0,0,0,0,0,0,0,0,0,0,0,0,0,0,0,0,0,1,0,GitHub action to post CDK diff to PR comments,TypeScript,Apache License 2.0,False,False,47.0,10.0,1.0,['TypeScript']
crazy-max,ghaction-import-gpg,security,574,30,10,30,79,6,330,9,8345,30,12,30,5,8345000,0,0,0,0,0,0,0,0,0,0,0,0,0,0,0,0,0,1,0,0,0,1,0,0,0,0,0,0,0,0,0,0,1,0,GitHub Action to import a GPG key,TypeScript,MIT License,False,True,331.0,79.0,6.0,"['TypeScript', 'Dockerfile', 'HCL']"
crazy-max,ghaction-setup-containerd,utilities,590,30,8,11,1,3,18,3,5091,30,7,30,5,5091000,0,0,0,0,0,0,0,0,0,0,0,0,0,0,0,0,0,1,0,0,0,1,0,0,0,0,0,0,0,0,0,0,1,0,GitHub Action to set up containerd,TypeScript,MIT License,False,True,18.0,1.0,3.0,"['TypeScript', 'Dockerfile', 'HCL']"
crazy-max,ghaction-upx,deployment,577,30,6,16,3,3,56,5,11377,30,4,30,4,11377000,0,0,0,0,0,0,0,0,0,0,0,0,0,0,0,0,0,1,0,0,0,1,0,0,0,0,0,0,0,0,0,0,1,0,"GitHub Action for UPX, the Ultimate Packer for eXecutables",TypeScript,MIT License,False,True,57.0,3.0,3.0,"['TypeScript', 'Dockerfile', 'HCL']"
crazyurus,miniprogram-action,deployment,934,13,1,2,9,1,14,1,160,6,3,1,0,160000,0,0,0,0,0,0,0,0,0,1,0,0,0,0,0,0,0,0,0,0,0,0,0,0,0,0,0,0,0,0,0,0,1,0,A GitHub Action to automate deploying WeChat MiniProgram,TypeScript,GNU General Public License v3.0,False,False,15.0,9.0,1.0,"['TypeScript', 'JavaScript']"
dailydotdev,action-devcard,utilities,190,30,4,14,15,4,98,9,12119,30,5,30,3,12119000,0,0,0,0,0,0,0,0,0,0,0,0,0,0,0,0,0,0,0,0,0,0,0,0,0,0,0,0,0,0,0,0,1,0,GitHub Action to download the devcard from https://daily.dev,TypeScript,"BSD 3-Clause ""New"" or ""Revised"" License",False,False,98.0,15.0,4.0,['TypeScript']
danielpalme,reportgenerator-github-action,testing,9,30,1,30,7,2,74,3,472,21,0,6,0,472000,0,0,0,0,0,0,0,0,0,0,0,0,0,0,0,0,0,0,0,0,0,0,0,0,0,0,0,0,0,1,0,0,1,0,GitHub Action for ReportGenerator,TypeScript,Apache License 2.0,False,True,74.0,7.0,2.0,"['TypeScript', 'PowerShell']"
darenm,setup-vstest,testing,33,30,8,5,8,2,24,4,3776,29,4,23,4,3776000,0,0,0,0,0,0,0,0,0,1,0,0,0,0,0,0,0,0,0,0,0,0,0,0,0,0,0,0,0,0,0,0,1,0,DEPRECATED - Set up your GitHub Actions workflow to add VSTest.console.exe into the PATH,TypeScript,MIT License,False,True,24.0,8.0,2.0,"['TypeScript', 'JavaScript']"
dataaxiom,ghcr-cleanup-action,container ci,67,30,7,16,5,1,32,6,10594,30,7,30,6,10594000,0,0,0,0,0,0,0,0,0,1,0,0,0,0,0,0,0,0,0,0,1,1,0,0,0,0,0,0,0,0,0,0,1,0,GitHub Container Registry Cleanup Action,JavaScript,"BSD 3-Clause ""New"" or ""Revised"" License",False,True,34.0,5.0,1.0,"['JavaScript', 'TypeScript', 'Shell', 'Dockerfile']"
davelosert,vitest-coverage-report-action,testing,38,30,6,20,22,3,172,13,7034,30,10,30,1,7034000,0,0,0,0,0,0,0,0,0,1,0,0,0,0,0,0,0,0,0,0,0,0,0,0,0,0,0,0,0,0,0,0,1,0,A GitHub Action to report vitest test coverage results,TypeScript,MIT License,True,True,180.0,22.0,3.0,"['TypeScript', 'JavaScript']"
davidb,rust-cargo-make,deployment,32,30,4,14,6,3,32,4,2338,30,0,30,0,2338000,0,0,0,0,0,0,0,0,0,0,0,0,0,0,0,0,0,0,0,0,1,0,0,0,0,0,0,0,0,0,0,0,1,0,üõ†Ô∏è GitHub Action to install `cargo-make` command,TypeScript,MIT License,False,True,32.0,6.0,3.0,"['TypeScript', 'Shell']"
dawidd6,action-ansible-playbook,deployment,11,30,1,18,69,5,319,10,1004,30,9,30,0,1004000,0,0,0,0,0,0,0,0,0,1,0,0,0,0,0,0,0,0,0,0,0,0,0,0,0,0,0,0,0,0,0,0,0,0,:gear: A GitHub Action for running Ansible playbooks,JavaScript,MIT License,False,True,320.0,70.0,5.0,['JavaScript']
de-vri-es,setup-git-credentials,security,11,30,1,11,21,4,90,7,9641,30,2,13,0,9641000,0,0,0,0,0,0,0,0,0,0,0,0,0,0,0,0,0,0,0,0,0,0,0,0,0,0,0,0,0,0,0,0,1,0,GitHub action to enable cloning private respositories.,TypeScript,"BSD 2-Clause ""Simplified"" License",False,True,90.0,21.0,4.0,['TypeScript']
descope,assume-aws-role-from-gcp-action,security,669,30,10,3,0,2,13,5,17378,30,10,30,9,17378000,0,0,0,0,0,0,0,0,0,1,0,0,0,0,0,0,0,0,0,0,0,0,0,0,0,0,0,0,0,0,0,0,1,0,GitHub Action to Assume AWS Role using GCP OIDC Token,TypeScript,MIT License,False,True,13.0,0.0,2.0,"['TypeScript', 'JavaScript']"
dessant,lock-threads,project management,35,30,1,12,36,10,316,3,1878,30,6,14,3,1878000,0,0,0,0,0,0,0,0,0,1,0,0,0,0,0,0,0,0,0,0,0,0,0,0,0,0,0,0,0,0,0,0,0,0,"GitHub Action that locks closed issues, pull requests and discussions after a period of inactivity",JavaScript,MIT License,False,False,317.0,36.0,10.0,['JavaScript']
devops-actions,json-to-file,utilities,51,30,2,5,13,1,12,6,1347,30,1,30,1,1347000,0,0,0,0,0,0,0,0,0,1,0,0,0,0,0,0,0,0,0,0,0,0,0,0,0,0,0,0,0,0,0,0,1,0,"Store json in a file, without needing to worry about escaping the string properly",TypeScript,MIT License,True,True,12.0,13.0,1.0,"['TypeScript', 'JavaScript']"
dhall-lang,setup-dhall,dependency management,8,30,1,5,7,4,15,5,56,11,3,6,0,56000,0,0,0,0,0,0,0,0,0,1,0,0,0,0,0,0,0,0,0,0,1,0,0,0,0,0,0,0,0,0,0,0,0,0,Github action to install a specific version of https://dhall-lang.org and run commands,JavaScript,"BSD 3-Clause ""New"" or ""Revised"" License",False,True,15.0,7.0,4.0,"['JavaScript', 'Shell']"
di-sukharev,opencommit,utilities,234,30,19,3,344,26,6351,30,10079,30,155,30,5,10079000,0,0,0,0,0,0,0,0,0,1,0,0,0,0,0,0,0,0,0,0,1,1,0,0,0,0,0,0,0,0,0,0,1,0,GPT wrapper for git ‚Äî generate commit messages with an LLM in 1 sec ‚Äî works best with Claude 3.5 ‚Äî supports local models too,JavaScript,MIT License,False,False,6415.0,348.0,26.0,"['JavaScript', 'TypeScript', 'Dockerfile', 'Shell']"
dineshsonachalam,markdown-autodocs,deployment,6,30,17,8,17,2,186,3,8955,30,2,19,0,8955000,0,0,0,0,0,0,0,0,0,1,0,1,0,0,0,0,0,0,0,0,0,1,0,0,0,0,0,0,0,0,0,0,0,0,‚ú® A GitHub Action that automatically generates & updates markdown content (like your README.md) from external or remote files.,JavaScript,MIT License,False,True,186.0,17.0,2.0,"['JavaScript', 'Python', 'Dockerfile']"
dkershner6,aws-ssm-getparameters-action,deployment,743,30,8,6,16,3,25,5,2214,30,6,30,4,2214000,0,0,0,0,0,0,0,0,0,0,0,0,0,0,0,0,0,0,0,0,0,0,0,0,0,0,0,0,0,0,0,0,1,0,"A GitHub action centered on AWS Systems Manager Parameter Store GetParameters call, and placing the results into environment variables",TypeScript,Apache License 2.0,False,False,25.0,16.0,3.0,['TypeScript']
dkershner6,jest-coverage-commenter-action,code review,665,30,30,6,5,3,14,2,1029,30,29,30,19,1029000,0,0,0,0,0,0,0,0,0,0,0,0,0,0,0,0,0,0,0,0,0,0,0,0,0,0,0,0,0,0,0,0,1,0,Comment on PRs with Jest Test Coverage Information,TypeScript,Apache License 2.0,False,True,14.0,5.0,3.0,['TypeScript']
dlemstra,code-sign-action,security,9,30,1,1,67,2,32,9,243,22,0,15,0,243000,1,0,0,0,0,0,0,0,0,1,0,0,0,0,0,0,0,0,0,0,0,0,0,0,0,0,0,0,0,0,0,0,1,0,Action that signs libraries with a code signing certificate. ,TypeScript,Other,False,True,32.0,67.0,2.0,"['TypeScript', 'Batchfile', 'JavaScript']"
docker,setup-buildx-action,container ci,709,30,3,30,171,17,1041,11,27403,30,13,30,0,27403000,0,0,0,0,0,0,0,0,0,0,0,0,0,0,0,0,0,1,0,0,0,1,0,0,0,0,0,0,0,0,0,0,1,0,GitHub Action to set up Docker Buildx,TypeScript,Apache License 2.0,True,True,1049.0,175.0,17.0,"['TypeScript', 'Dockerfile', 'HCL']"
docker-practice,actions-setup-docker,container ci,4,30,3,15,36,3,95,3,737,30,15,9,2,737000,0,0,0,0,0,0,0,0,0,0,0,0,0,0,0,0,0,0,0,0,0,0,0,0,0,0,0,0,0,0,0,0,0,0,,,,,,,,,nan
dorny,test-reporter,testing,134,30,14,15,218,15,875,30,13597,30,123,30,8,13597000,0,0,0,0,1,0,0,0,0,1,0,0,0,0,0,0,0,0,0,0,0,0,0,0,0,0,0,0,0,0,0,1,1,0,Displays test results from popular testing frameworks directly in GitHub,TypeScript,MIT License,False,True,888.0,220.0,16.0,"['TypeScript', 'C#', 'JavaScript', 'Dart']"
dotnet,nbgv,project management,312,30,7,7,8,6,53,6,19222,30,5,30,5,19222000,0,0,0,0,0,0,0,0,0,0,0,0,0,0,0,0,0,0,0,0,0,0,0,0,0,0,0,0,0,0,0,0,1,0,The repo behind the dotnet/nbgv GitHub Action,TypeScript,MIT License,False,True,53.0,8.0,6.0,['TypeScript']
dromara,issues-translate-action,localization,149,30,12,11,28,7,196,4,978,30,11,30,6,978000,0,0,0,0,0,0,0,0,0,1,0,0,0,0,0,0,0,0,0,0,0,0,0,0,0,0,0,0,0,0,0,0,1,0,The action for translating Non-English issues content to English.,TypeScript,MIT License,False,True,196.0,30.0,7.0,"['TypeScript', 'JavaScript']"
dynatrace-oss,dynatrace-github-action,utilities,23,30,18,9,7,5,32,6,902,30,22,30,7,902000,0,0,0,0,0,0,0,0,0,0,0,0,0,0,0,0,0,0,0,0,0,0,0,0,0,0,0,0,0,0,0,0,1,0,An action that pushes metrics and events from GitHub workflows to a Dynatrace monitoring environment,TypeScript,Apache License 2.0,True,True,32.0,8.0,5.0,['TypeScript']
editorconfig-checker,action-editorconfig-checker,utilities,32,30,1,6,5,9,22,7,606,30,0,30,0,606000,0,0,0,0,0,0,0,0,0,0,0,0,0,0,0,0,0,0,0,0,0,0,0,0,0,0,0,0,0,0,0,0,1,0,,TypeScript,MIT License,False,True,23.0,5.0,9.0,['TypeScript']
einaregilsson,beanstalk-deploy,deployment,0,30,6,20,138,4,629,12,74,30,40,30,4,74000,0,0,0,0,0,0,0,0,0,1,0,0,0,0,0,0,0,0,0,0,0,0,0,0,0,0,0,0,0,0,0,0,0,0,GitHub action (and command line script) to deploy apps to Elastic Beanstalk,JavaScript,MIT License,False,True,633.0,139.0,4.0,['JavaScript']
endorlabs,github-action,security,650,30,15,11,2,15,45,16,8474,30,1,30,1,8474000,0,0,0,0,0,0,0,0,0,1,0,0,0,0,0,0,0,0,0,0,0,0,0,0,0,0,0,0,0,0,0,0,1,0,A GitHub action you can use to scan with Endor Labs,TypeScript,Apache License 2.0,False,True,45.0,4.0,15.0,"['TypeScript', 'JavaScript']"
eregon,publish-release,deployment,54,23,3,8,9,3,38,5,287,15,1,11,1,287000,0,0,0,0,0,0,0,0,0,1,0,0,0,0,0,0,0,0,0,0,1,0,0,0,0,0,0,0,0,0,0,0,0,0,A GitHub Action to publish a draft release,JavaScript,MIT License,False,True,38.0,9.0,3.0,"['JavaScript', 'Shell']"
errata-ai,vale-action,testing,97,30,4,16,52,8,204,20,46066,30,18,30,1,46066000,0,0,0,0,0,0,0,0,0,0,0,0,0,0,0,0,0,0,0,0,0,0,0,0,0,0,0,0,0,0,0,0,1,0,":octocat: The official GitHub Action for Vale -- install, manage, and run Vale with ease.",TypeScript,MIT License,False,True,206.0,53.0,8.0,['TypeScript']
exercism,pr-commenter-action,code review,35,30,3,8,16,4,39,9,289,30,5,30,2,289000,0,0,0,0,0,0,0,0,0,1,0,0,0,0,0,0,0,0,0,0,0,0,0,0,0,0,0,0,0,0,0,0,0,0,The PR Commenter GitHub action posts comments on a PR that can vary depending on which files are being changed in the PR.,JavaScript,MIT License,False,False,39.0,16.0,4.0,['JavaScript']
expo,expo-github-action,deployment,14,30,30,30,80,7,833,30,30076,30,43,30,6,30076000,0,0,0,0,0,0,0,0,0,1,0,0,0,0,0,0,0,0,0,0,0,0,0,0,0,0,0,0,0,0,0,0,1,0,Expo GitHub Action makes it easy to automate EAS builds or updates,TypeScript,MIT License,False,True,841.0,82.0,7.0,"['TypeScript', 'JavaScript']"
fabasoad,twilio-voice-call-action,utilities,351,30,1,29,2,2,16,6,18089,30,0,30,0,18089000,0,0,0,0,0,0,0,0,0,0,0,0,0,1,0,0,0,0,0,0,0,0,0,0,0,0,0,0,0,0,0,0,1,0,GitHub action that sends Twilio voice call.,TypeScript,MIT License,False,True,16.0,2.0,2.0,"['TypeScript', 'Makefile']"
fjogeleit,yaml-update-action,utilities,58,30,3,27,48,5,148,11,3978,30,6,30,2,3978000,0,0,0,0,0,0,0,0,0,0,0,0,0,0,0,0,0,0,0,0,0,0,0,0,0,0,0,0,0,0,0,0,1,0,Update YAML property with dynamic values,TypeScript,MIT License,False,False,148.0,49.0,5.0,['TypeScript']
forcedotcom,run-code-analyzer,security,150,30,5,3,3,5,45,3,2360,30,4,30,3,2360000,0,0,0,0,0,0,0,0,0,0,0,0,0,0,0,0,0,0,0,0,1,0,0,0,0,0,0,0,0,0,0,0,1,0,GitHub Action to run Salesforce Code Analyzer,TypeScript,"BSD 3-Clause ""New"" or ""Revised"" License",True,True,47.0,3.0,5.0,"['TypeScript', 'Shell']"
fpicalausa,remove-stale-branches,utilities,28,30,7,16,11,3,20,8,2290,30,15,17,3,2290000,0,0,0,0,0,0,0,0,0,1,0,0,0,0,0,0,0,0,0,0,0,0,0,0,0,0,0,0,0,0,0,0,1,0,Github action to remove stale branches,TypeScript,MIT License,False,True,21.0,12.0,3.0,"['TypeScript', 'JavaScript']"
frictionlessdata,frictionless-ci,code quality,5,30,3,2,12,10,39,8,3794,30,14,18,2,3794000,0,0,0,0,0,0,0,0,0,1,0,0,0,1,0,0,0,0,0,0,0,1,0,0,0,0,0,0,0,0,0,0,0,0,Data management service that brings continuous data validation to tabular data in your repository via Github Action,JavaScript,MIT License,False,False,39.0,12.0,10.0,"['JavaScript', 'Makefile', 'Dockerfile']"
fwilhe2,setup-kotlin,continuous integration,489,30,7,21,7,2,31,5,4708,30,2,30,2,4708000,0,0,0,0,0,0,0,0,0,1,0,0,0,0,0,0,0,0,0,0,0,1,0,0,0,0,0,0,0,0,0,0,1,0,Setup the Kotlin‚Ñ¢ cli compiler in GitHub Actions,TypeScript,MIT License,False,True,31.0,7.0,2.0,"['TypeScript', 'Dockerfile', 'JavaScript']"
gabrielfalcao,pyenv-action,dependency management,35,30,16,18,20,4,39,7,1999,30,22,30,13,1999000,0,0,0,0,0,0,0,0,0,1,0,0,0,1,0,0,0,0,0,0,0,0,0,0,0,0,0,0,0,0,0,0,1,0,Enables pyenv within your github actions workflow,TypeScript,MIT License,False,False,39.0,20.0,4.0,"['TypeScript', 'Makefile', 'JavaScript']"
gagoar,codeowners-generator,utilities,97,30,6,7,10,5,57,15,1449,30,12,30,4,1449000,0,0,0,0,0,0,0,0,0,1,0,0,0,0,0,0,0,0,0,0,1,0,0,1,0,0,0,0,0,0,0,0,1,0,CODEOWNERS solution for mono repos,TypeScript,MIT License,False,True,57.0,10.0,5.0,"['TypeScript', 'JavaScript', 'HTML', 'Shell']"
game-ci,unity-builder,game ci,922,30,19,30,269,16,883,30,89242,30,78,30,15,89242000,1,0,0,0,0,0,0,0,0,1,0,0,0,0,0,0,0,0,0,0,1,0,0,0,0,0,0,0,0,0,0,0,1,0,Build Unity projects for different platforms,TypeScript,MIT License,False,True,886.0,272.0,16.0,"['TypeScript', 'JavaScript', 'Batchfile', 'Shell']"
gautamkrishnar,keepalive-workflow,utilities,83,30,2,27,28,3,191,16,701,30,0,23,0,701000,0,0,0,0,0,0,0,0,0,1,0,0,0,0,0,0,0,0,0,0,0,0,0,0,0,0,0,0,0,0,0,0,0,0,GitHub action to prevent GitHub from suspending your cronjob based triggers due to repository inactivity ,JavaScript,GNU General Public License v3.0,False,True,194.0,29.0,4.0,['JavaScript']
getong,mariadb-action,container ci,249,30,1,12,9,3,25,6,34,17,2,11,0,34000,0,0,0,0,0,0,0,0,0,0,0,0,0,0,0,0,0,0,0,0,1,1,0,0,0,0,0,0,0,0,0,0,1,0,GitHub Action to setup a MariaDB database,TypeScript,MIT License,False,False,25.0,62.0,3.0,"['TypeScript', 'Shell', 'Dockerfile']"
github,accessibility-alt-text-bot,utilities,344,30,23,9,16,7,78,8,9239,30,3,30,0,9239000,0,0,0,0,0,0,0,0,0,1,0,0,0,0,0,0,0,0,0,0,1,0,0,0,0,0,0,0,0,0,0,0,0,0,"An action to remind users to add alt text on Issues, Pull Requests, and Discussions",JavaScript,MIT License,True,True,79.0,16.0,7.0,"['JavaScript', 'Shell']"
github,branch-deploy,deployment,51,30,1,30,50,67,421,18,31597,30,4,30,0,31597000,0,0,0,0,0,0,0,0,0,1,0,0,0,0,0,0,0,0,0,0,1,0,0,0,0,0,0,0,0,0,0,0,0,0,"Enabling Branch Deployments through IssueOps with GitHub Actions - If you find this project useful, give it a star! ‚≠êÔ∏è ",JavaScript,MIT License,True,True,425.0,52.0,68.0,"['JavaScript', 'Shell']"
github,combine-prs,utilities,36,30,4,19,6,66,121,10,2940,30,7,30,2,2940000,0,0,0,0,0,0,0,0,0,1,0,0,0,0,0,0,0,0,0,0,1,0,0,0,0,0,0,0,0,0,0,0,0,0,GitHub Action to combine multiple PRs into a single one,JavaScript,MIT License,True,True,121.0,6.0,67.0,"['JavaScript', 'Shell']"
github,command,utilities,48,30,1,10,6,39,109,5,3663,30,2,30,0,3663000,0,0,0,0,0,0,0,0,0,1,0,0,0,0,0,0,0,0,0,0,1,0,0,0,0,0,0,0,0,0,0,0,0,0,IssueOps commands in GitHub Actions,JavaScript,MIT License,True,True,110.0,6.0,40.0,"['JavaScript', 'Shell']"
google-github-actions,deploy-cloudrun,deployment,92,30,3,30,120,11,490,16,4550,30,6,30,1,4550000,0,0,0,0,0,0,0,0,0,1,0,0,0,0,0,0,0,0,0,0,0,1,0,0,0,0,0,0,0,0,0,0,1,0,A GitHub Action for deploying services to Google Cloud Run.,TypeScript,Apache License 2.0,True,True,495.0,120.0,11.0,"['TypeScript', 'JavaScript', 'Dockerfile']"
google-github-actions,get-gke-credentials,deployment,43,30,3,24,39,5,108,9,3828,30,1,30,0,3828000,0,0,0,0,0,0,0,0,0,1,0,0,0,0,0,0,0,0,0,0,1,0,0,0,0,0,0,0,0,0,0,0,1,0,A GitHub Action that configure authentication to a GKE cluster.,TypeScript,Apache License 2.0,True,True,108.0,41.0,5.0,"['TypeScript', 'Shell', 'JavaScript']"
google-github-actions,upload-cloud-storage,deployment,106,30,3,30,51,11,233,11,7540,30,0,30,0,7540000,0,0,0,0,0,0,0,0,0,1,0,0,0,0,0,0,0,0,0,0,1,0,0,0,0,0,0,0,0,0,0,0,1,0,A GitHub Action for uploading files to a Google Cloud Storage (GCS) bucket.,TypeScript,Apache License 2.0,True,True,238.0,51.0,11.0,"['TypeScript', 'Shell', 'JavaScript']"
grassedge,git-pr-release-action,deployment,431,11,16,1,9,1,15,1,1819,24,20,20,16,1819000,0,0,0,0,0,0,0,0,0,0,0,0,0,0,0,0,0,0,0,0,0,0,0,0,0,0,0,0,0,0,0,0,0,0,,,,,,,,,nan
h5bp,server-configs-test,testing,177,30,2,30,17,6,42,4,5584,30,0,30,0,5584000,0,0,0,0,0,0,0,0,0,1,0,0,0,0,0,1,0,0,0,0,0,0,0,1,0,0,0,0,0,0,0,0,0,0,Tests for HTTP server boilerplate configs,JavaScript,MIT License,False,True,41.0,17.0,6.0,"['JavaScript', 'HTML', 'CSS']"
jimmygchen,runner-fallback-action,utilities,14,30,9,2,7,4,21,4,291,27,6,27,6,291000,0,0,0,0,0,0,0,0,0,1,0,0,0,0,0,0,0,0,0,0,0,0,0,0,0,0,0,0,0,0,0,0,0,0,Github action to determine the availability of self-hosted runners,JavaScript,MIT License,False,False,22.0,7.0,4.0,['JavaScript']
jitterbit,get-changed-files,utilities,653,30,15,1,145,5,230,2,408,30,50,30,20,408000,0,0,0,0,0,0,0,0,0,1,0,0,0,0,0,0,0,0,0,0,0,0,0,0,0,0,0,0,0,0,0,0,1,0,Get all of the files changed/modified in a pull request or push's commits.,TypeScript,MIT License,False,True,230.0,145.0,5.0,"['TypeScript', 'JavaScript']"
joao-zanutto,get-selected,utilities,38,20,4,3,0,1,18,1,412,16,4,14,3,412000,0,0,0,0,0,0,0,0,0,1,0,0,0,0,0,0,0,0,0,0,0,0,0,0,0,0,0,0,0,0,0,0,0,0,GitHub Actions that retrieves the values of selected checkboxes for workflow_dispatch events,JavaScript,MIT License,False,False,18.0,0.0,1.0,['JavaScript']
jontze,action-mdbook,deployment,801,30,3,13,3,1,14,4,3379,30,4,30,1,3379000,0,0,0,0,0,0,0,0,0,1,0,0,0,0,0,0,0,0,0,0,0,0,0,0,0,0,0,0,0,0,0,0,1,0,"A GitHub Action that installs mdBook on a GitHub Runner and supports various plugins like linkcheck, mermaid, toc, open-on-gh, admonish, and katex for enhanced functionality.",TypeScript,MIT License,False,True,14.0,3.0,1.0,"['TypeScript', 'JavaScript']"
jpb06,jest-badges-action,testing,673,30,3,30,19,2,35,3,1600,30,0,30,0,1600000,0,0,0,0,0,0,0,0,0,0,0,0,0,0,0,0,0,0,0,0,0,0,0,0,0,0,0,0,0,0,0,0,0,0,,,,,,,,,nan
julia-actions,registeraction,publishing,22,11,1,7,4,3,17,1,869,13,6,5,1,869000,0,0,0,0,0,0,0,0,0,1,0,0,0,0,0,0,0,0,0,0,0,0,0,0,0,0,0,0,0,0,0,0,0,0,Register Julia packages via GitHub Actions,JavaScript,MIT License,False,True,17.0,4.0,3.0,['JavaScript']
julia-actions,install-juliaup,continuous integration,41,30,5,13,2,2,17,2,1031,30,9,30,4,1031000,0,0,0,0,0,0,0,0,0,1,1,0,0,1,0,0,0,0,0,0,0,0,0,0,0,0,0,0,0,0,0,0,1,0,GitHub Action that installs Juliaup (and uses Juliaup to install Julia),TypeScript,MIT License,False,True,17.0,2.0,2.0,"['TypeScript', 'Julia', 'Makefile', 'JavaScript']"
jwgmeligmeyling,pmd-github-action,security,70,11,12,2,9,2,13,2,1040,30,16,30,6,1040000,0,0,0,0,0,0,0,0,0,1,0,0,0,0,0,0,0,0,0,0,0,0,0,0,0,0,0,0,0,0,0,0,1,0,Push PMD results as check run annotations,TypeScript,MIT License,False,True,13.0,9.0,2.0,"['TypeScript', 'JavaScript']"
kamilkisiela,bob,continuous integration,541,30,10,23,12,7,48,13,1310,30,19,30,1,1310000,0,0,0,0,0,0,0,0,0,0,0,0,0,0,0,0,0,0,0,0,0,0,0,0,0,0,0,0,0,0,0,0,0,0,,,,,,,,,nan
kanadgupta,glitch-sync,deployment,5,30,1,7,19,1,45,2,1113,30,0,30,0,1113000,0,0,0,0,0,0,0,0,0,0,0,0,0,0,0,0,0,0,0,0,0,0,0,1,0,0,0,0,0,0,0,0,1,0,Sync your GitHub repository with Glitch via GitHub Actions! üéè,TypeScript,MIT License,False,True,45.0,19.0,1.0,"['TypeScript', 'HTML']"
kanga333,variable-mapper,utilities,18,30,2,6,34,4,44,3,796,30,7,30,2,796000,0,0,0,0,0,0,0,0,0,1,0,0,0,0,0,0,0,0,0,0,0,1,0,0,0,0,0,0,0,0,0,0,1,0,Github Action for mapping variables by a specific key,TypeScript,MIT License,False,True,44.0,34.0,4.0,"['TypeScript', 'Dockerfile', 'JavaScript']"
kevin-david,zipalign-sign-android-release,publishing,17,30,3,4,9,2,23,10,41894,23,1,23,1,41894000,0,0,0,0,0,0,0,0,0,1,0,0,0,0,0,0,0,0,0,0,0,0,0,0,0,0,0,0,0,0,0,0,1,0,A GitHub action to sign and zipalign an APK or AAB,JavaScript,MIT License,False,True,23.0,139.0,2.0,"['JavaScript', 'TypeScript']"
kiegroup,git-backporting,continuous integration,68,30,1,27,9,2,19,8,2487,30,10,30,0,2487000,0,0,0,0,0,0,0,0,0,1,0,0,0,0,0,0,0,0,0,0,1,0,0,0,0,0,0,0,0,0,0,0,1,0,Git backporting is a CLI tool to execute pull request backporting.,TypeScript,MIT License,False,True,19.0,9.0,2.0,"['TypeScript', 'JavaScript', 'Shell']"
kiegroup,github-action-build-chain,utilities,103,30,11,30,25,5,86,11,5426,30,28,30,1,5426000,0,0,0,0,0,0,0,0,0,0,0,0,0,0,0,0,0,0,0,0,0,0,0,0,0,0,0,0,0,0,0,0,0,0,,,,,,,,,nan
kitabisa,docker-slim-action,utilities,55,27,4,6,5,4,25,4,3973,15,1,8,0,3973000,0,0,0,0,0,0,0,0,0,0,0,0,0,0,0,0,0,0,0,0,0,1,0,0,0,0,0,0,0,0,0,0,1,0,GitHub Action to minify container image by up to 30x (and for compiled languages even more) making it secure too!,TypeScript,MIT License,True,True,25.0,5.0,4.0,"['TypeScript', 'Dockerfile']"
ksivamuthu,aws-copilot-github-action,deployment,13,30,7,8,18,4,31,5,540,30,12,30,6,540000,0,0,0,0,0,0,0,0,0,1,0,0,0,0,0,0,0,0,0,0,0,1,0,1,0,0,0,0,0,0,0,0,1,0,,TypeScript,MIT License,False,True,31.0,18.0,4.0,"['TypeScript', 'HTML', 'JavaScript', 'Dockerfile']"
layer5labs,kanvas-snapshot,code review,513,30,26,30,24,5,28,17,1213,30,5,30,2,1213000,0,0,0,0,0,0,0,0,0,1,0,0,0,0,0,0,0,0,0,0,1,0,0,0,0,0,0,0,0,0,0,0,1,0,Infrastructure as Diagram delivered to your pull requests.,JavaScript,Apache License 2.0,True,True,29.0,24.0,5.0,"['JavaScript', 'Shell', 'TypeScript']"
laytan,setup-odin,utilities,120,30,3,17,3,3,19,3,16740,30,1,30,0,16740000,0,0,0,0,0,0,0,0,0,1,0,0,0,0,0,0,0,0,0,0,0,0,1,0,0,0,0,0,0,0,0,0,0,0,,JavaScript,MIT License,False,False,19.0,3.0,3.0,"['JavaScript', 'Odin']"
leanix,nx-affected-dependencies-action,deployment,9,30,11,3,0,2,17,2,357,30,10,30,6,357000,0,0,0,0,0,0,0,0,0,1,0,0,0,0,0,0,0,0,0,0,0,0,0,0,0,0,0,0,0,0,0,0,1,0,"Like ""nx affected"", but filters out the projects that are not dependencies of a provided project ü§ì",TypeScript,MIT License,True,False,17.0,0.0,2.0,"['TypeScript', 'JavaScript']"
lhotari,action-upterm,utilities,2,30,2,1,35,5,427,4,40,30,16,7,1,40000,0,0,0,0,0,0,0,0,0,1,0,0,0,0,0,0,0,0,0,0,1,0,0,0,0,0,0,0,0,0,0,0,0,0,Debug your GitHub Actions via SSH by using upterm/tmux to get access to the runner system itself. ,JavaScript,MIT License,False,False,429.0,35.0,5.0,"['JavaScript', 'Shell']"
lindluni,actions-variable-groups,utilities,29,30,1,12,3,1,15,3,342,10,1,4,0,342000,0,0,0,0,0,0,0,0,0,1,0,0,0,0,0,0,0,0,0,0,0,0,0,0,0,0,0,0,0,0,0,0,0,0,GitHub Action for injecting variables from source files,JavaScript,MIT License,False,True,15.0,3.0,1.0,['JavaScript']
loopwerk,tag-changelog,deployment,37,30,1,16,15,4,62,4,311,18,0,7,0,311000,0,0,0,0,0,0,0,0,0,1,0,0,0,0,0,0,0,0,0,0,0,0,0,0,0,0,0,0,0,0,0,0,0,0,"Automatically generate a changelog since the last tag, using the conventional commit format",JavaScript,MIT License,False,False,62.0,15.0,4.0,['JavaScript']
lukka,run-cmake,dependency management,378,30,8,21,21,5,187,9,2361,30,8,30,0,2361000,0,0,0,0,0,0,0,0,0,1,0,0,1,0,0,0,0,0,0,0,0,0,0,0,0,0,0,0,0,0,0,0,1,1,"GitHub Action to build C++ applications with CMake  (CMakePresets.json), Ninja and vcpkg on GitHub.",TypeScript,MIT License,False,True,187.0,21.0,5.0,"['TypeScript', 'JavaScript', 'CMake', 'C++']"
lukka,run-vcpkg,dependency management,422,30,15,30,27,5,199,9,4251,30,4,30,0,4251000,0,0,0,0,0,0,0,0,0,1,0,0,0,0,0,0,0,0,0,0,0,0,0,0,0,0,0,0,0,0,0,0,1,0,The GitHub Action to setup vcpkg for your C++ based projects. Stores built ports using Binary Caching backed onto GH Cache.,TypeScript,MIT License,False,True,199.0,28.0,5.0,"['TypeScript', 'JavaScript']"
lwojcik,github-action-feed-to-social-media,utilities,3,30,1,0,4,1,31,2,1871,30,0,30,0,1871000,0,0,0,0,0,0,0,0,0,1,0,0,0,0,0,0,0,0,0,0,0,0,0,0,0,0,0,0,0,0,0,0,1,0,"Post latest RSS feed item to social media (Mastodon, Twitter, Discord, Slack, Bluesky...)",TypeScript,The Unlicense,False,False,31.0,4.0,1.0,"['TypeScript', 'JavaScript']"
machulav,ec2-github-runner,utilities,111,30,6,17,348,10,767,13,6121,30,67,30,7,6121000,0,0,0,0,0,0,0,0,0,1,0,0,0,0,0,0,0,0,0,0,0,0,0,0,0,0,0,0,0,0,0,0,0,0,On-demand self-hosted AWS EC2 runner for GitHub Actions,JavaScript,MIT License,False,True,771.0,351.0,10.0,['JavaScript']
mainmatter,ember-asset-size-action,deployment,124,30,11,6,15,6,22,10,2053,30,12,30,9,2053000,0,0,0,0,0,0,0,0,0,1,0,0,0,0,0,0,0,0,0,0,0,0,0,0,0,0,0,0,0,0,0,0,0,0,Comment with the diff for the asset sizes on Pull Request,JavaScript,MIT License,False,False,22.0,15.0,6.0,['JavaScript']
managedcode,mauiappversion,deployment,27,25,1,8,1,1,20,2,821,4,1,1,0,821000,0,0,0,0,0,0,0,0,0,1,0,0,0,0,0,0,0,0,0,0,0,0,0,0,0,0,0,0,0,0,0,0,0,0,This action updates the application version and/or display version properties in a .cproj file for a MAUI application. You can use this action as part of your CI/CD workflow to automatically update the version properties when building and publishing your MAUI application.,JavaScript,MIT License,False,True,20.0,1.0,1.0,['JavaScript']
manusa,actions-setup-minikube,container ci,43,30,6,27,27,4,61,5,16197,30,10,30,4,16197000,0,0,0,0,0,0,0,0,0,1,0,0,0,0,0,0,0,0,0,0,0,0,0,0,0,0,0,0,0,0,0,0,0,0,Set up your GitHub Actions workflow with a specific version of Minikube and Kuberentes,JavaScript,Apache License 2.0,False,True,61.0,27.0,4.0,['JavaScript']
marocchino,validate-dependabot,dependency management,754,30,7,7,5,3,26,4,3869,30,11,30,5,3869000,0,0,0,0,0,0,0,0,0,1,0,0,0,0,0,0,0,0,0,0,0,0,0,0,0,0,0,0,0,0,0,0,1,0,validate dependabot yaml,TypeScript,MIT License,False,True,26.0,5.0,3.0,"['TypeScript', 'JavaScript']"
martincostello,update-dotnet-sdk,utilities,72,30,1,30,1,3,18,5,14804,30,3,30,0,14804000,0,0,0,0,0,0,0,0,0,1,0,0,0,0,0,0,0,0,0,0,0,0,0,0,0,0,0,0,0,1,0,0,1,0,A GitHub Action that updates the .NET SDK,TypeScript,Apache License 2.0,True,True,18.0,1.0,3.0,"['TypeScript', 'JavaScript', 'PowerShell']"
masci,datadog,monitoring,13,30,1,18,22,3,74,5,800,30,0,30,0,800000,0,0,0,0,0,0,0,0,0,1,0,0,0,0,0,0,0,0,0,0,0,0,0,0,0,0,0,0,0,0,0,0,1,0,Send Datadog metrics and events from GitHub workflows,TypeScript,MIT License,False,True,74.0,22.0,3.0,"['TypeScript', 'JavaScript']"
matlab-actions,setup-matlab,utilities,61,30,8,24,13,9,79,6,2975,30,19,30,2,2975000,0,0,0,0,0,0,0,0,0,1,0,0,0,0,0,0,0,0,0,0,0,0,0,0,0,0,0,0,0,0,0,0,1,0,Set up your GitHub Actions workflow with a specific version of MATLAB.,TypeScript,"BSD 3-Clause ""New"" or ""Revised"" License",True,True,79.0,14.0,9.0,"['TypeScript', 'JavaScript']"
mattermost,action-mattermost-notify,utilities,17,30,1,6,10,34,44,5,2277,19,3,11,1,2277000,0,0,0,0,0,0,0,0,0,0,0,0,0,0,0,0,0,0,0,0,0,0,0,0,0,0,0,0,0,0,0,0,0,0,,,,,,,,,nan
mattzcarey,code-review-gpt,code review,1162,30,30,21,184,25,1798,30,4332,30,7,30,1,4332000,0,0,0,0,0,0,0,0,0,0,0,0,0,0,0,0,0,0,0,0,0,0,0,0,0,0,0,0,0,0,0,0,1,0,"Code review powered by LLMs (OpenAI GPT4, Sonnet 3.5) & Embeddings ‚ö°Ô∏è Improve code quality and catch bugs before you break production üöÄ Lives in your Github/GitLab/Azure DevOps CI",TypeScript,MIT License,False,True,1837.0,192.0,25.0,['TypeScript']
mbogh,test-ssl-action,security,10,22,1,6,5,2,22,3,258,10,2,8,1,258000,0,0,0,0,0,0,0,0,0,1,0,0,0,0,0,0,0,0,0,0,0,0,0,0,0,0,0,0,0,0,0,0,0,0,testssl.sh GitHub Action,JavaScript,MIT License,False,False,22.0,6.0,2.0,['JavaScript']
mheap,automatic-approve-action,testing,32,15,8,10,2,3,15,3,773,23,5,17,5,773000,0,0,0,0,0,0,0,0,0,1,0,0,0,0,0,0,0,0,0,0,0,1,0,0,0,0,0,0,0,0,0,0,0,0,Automatically approve workflow runs for new contributors,JavaScript,MIT License,False,False,15.0,2.0,3.0,"['JavaScript', 'Dockerfile']"
mheap,require-checklist-action,code review,30,24,7,11,18,3,27,7,593,30,6,30,5,593000,0,0,0,0,0,0,0,0,0,1,0,0,0,0,0,0,0,0,0,0,0,1,0,0,0,0,0,0,0,0,0,0,0,0,,JavaScript,MIT License,False,True,27.0,18.0,3.0,"['JavaScript', 'Dockerfile']"
microsoft,richcodenavindexer,code review,380,30,13,30,14,8,26,13,80074,30,5,30,1,80074000,0,0,0,0,0,0,0,0,0,1,0,0,0,0,0,0,0,0,0,0,0,0,0,0,0,0,0,0,0,0,0,0,1,0,A GitHub Action that adds rich code navigation to a repo's branches and pull requests.,TypeScript,MIT License,True,True,26.0,14.0,8.0,"['TypeScript', 'JavaScript']"
mikepenz,action-junit-report,testing,145,30,30,30,133,5,341,26,13753,30,9,30,4,13753000,0,0,0,0,0,0,0,0,0,1,0,1,0,0,1,0,0,0,1,0,1,0,0,0,0,0,0,0,0,0,0,0,1,0,Reports junit test results as GitHub Pull Request Check,TypeScript,Apache License 2.0,True,True,346.0,133.0,5.0,"['TypeScript', 'Java', 'JavaScript', 'Kotlin', 'Python', 'Shell']"
mikesprague,teams-incoming-webhook-action,utilities,58,30,1,30,5,5,23,2,4710,30,3,30,0,4710000,0,0,0,0,0,0,0,0,0,0,0,0,0,0,0,0,0,0,0,0,0,1,0,0,0,0,0,0,0,0,0,0,1,0,GitHub Action that sends an AdaptiveCard notification to an MS Teams Incoming Webhook,TypeScript,MIT License,False,True,23.0,5.0,5.0,"['TypeScript', 'Dockerfile']"
mlg87,pr-reviewer-slack-notify-action,code review,1093,30,8,30,7,2,26,9,57203,30,9,30,1,57203000,0,0,0,0,0,0,0,0,0,1,0,0,0,0,0,0,0,0,0,0,1,0,0,0,0,0,0,0,0,0,0,0,1,0,,TypeScript,MIT License,False,True,26.0,7.0,2.0,"['TypeScript', 'JavaScript', 'Shell']"
mlugg,setup-zig,utilities,78,21,2,5,11,2,116,6,5353,24,7,11,0,5353000,0,0,0,0,0,0,0,0,0,1,0,0,0,0,0,0,0,0,0,0,1,0,0,0,0,0,0,0,0,0,0,0,0,0,Install a Zig compiler for usage in GitHub Actions workflows.,JavaScript,MIT License,False,False,119.0,12.0,3.0,"['JavaScript', 'Shell']"
moonrepo,setup-rust,utilities,406,30,1,27,9,4,102,4,5571,25,7,12,1,5571000,0,0,0,0,0,0,0,0,0,0,0,0,0,0,0,0,0,0,0,0,0,0,0,0,0,0,0,0,0,0,0,0,0,0,,,,,,,,,nan
moropo-com,action-trigger-test-run,testing,44,30,4,14,1,1,13,6,986,30,1,30,0,986000,0,0,0,0,0,0,0,0,0,0,0,0,0,0,0,0,0,0,0,0,0,0,0,0,0,0,0,0,0,0,0,0,1,0,Moropo Github Action,TypeScript,MIT License,False,True,13.0,1.0,1.0,['TypeScript']
mrrobotdotapp,classic-discord-webhook,chat,62,30,1,8,8,2,17,7,3126,19,0,16,0,3126000,0,0,0,0,0,0,0,0,0,1,0,0,0,0,0,0,0,0,0,0,0,0,0,0,0,0,0,0,0,0,0,0,0,0,This GitHub Action can produce fancy and more meaningful discord messages for your commits. ,JavaScript,GNU General Public License v3.0,True,False,17.0,18.0,2.0,['JavaScript']
necojackarc,auto-request-review,code review,36,30,2,19,34,3,130,15,199,30,25,30,2,199000,0,0,0,0,0,0,0,0,0,1,0,0,0,0,0,0,0,0,0,0,0,0,0,0,0,0,0,0,0,0,0,0,0,0,A GitHub Action that automatically requests review of a pull request based on files changes and/or groups the author belongs to ü§ñ,JavaScript,MIT License,False,True,131.0,34.0,3.0,['JavaScript']
nelonoel,branch-name,deployment,3,12,5,2,23,2,60,2,40,19,10,14,6,40000,0,0,0,0,0,0,0,0,0,1,0,0,0,0,0,0,0,0,0,0,0,0,0,0,0,0,0,0,0,0,0,0,0,0,GitHub Action for exporting current branch name as an environment variable,JavaScript,MIT License,False,True,60.0,23.0,2.0,['JavaScript']
nick-fields,retry,utilities,15,30,8,23,88,3,447,17,980,30,44,30,12,980000,0,0,0,0,0,0,0,0,0,1,0,0,0,1,0,0,0,0,0,0,1,0,0,0,0,0,0,0,0,0,0,0,1,0,Retries a GitHub Action step on failure or timeout,TypeScript,MIT License,False,True,450.0,88.0,3.0,"['TypeScript', 'JavaScript', 'Makefile', 'Shell']"
nicklegan,github-org-repo-metrics-action,utilities,66,10,1,6,9,0,19,1,535,30,3,30,0,535000,0,0,0,0,0,0,0,0,0,1,0,0,0,0,0,0,0,0,0,0,0,0,0,0,0,0,0,0,0,0,0,0,0,0,A GitHub Action to generate a report that contains various metrics for all repositories belonging to a GitHub organization.,JavaScript,MIT License,True,True,19.0,9.0,0.0,['JavaScript']
nix-community,cache-nix-action,continuous integration,92,30,5,18,9,1,45,30,22173,30,12,11,0,22173000,0,0,0,0,0,0,0,0,1,1,0,0,0,0,0,0,0,0,0,0,1,0,0,0,0,0,0,0,0,0,0,0,1,0,Cache Nix Store in GitHub Actions to speed up workflows [maintainer=@deemp],TypeScript,MIT License,True,True,50.0,11.0,1.0,"['TypeScript', 'Nix', 'Shell', 'JavaScript']"
nowsecure,nowsecure-action,security,480,30,2,4,15,8,37,8,6805,30,0,30,0,6805000,0,0,0,0,0,0,0,0,0,1,0,0,0,0,0,0,0,0,0,0,0,0,0,0,0,0,0,0,0,0,0,0,1,0,"The NowSecure Action delivers fast, accurate, automated security analysis of iOS and Android apps coded in any language",TypeScript,MIT License,False,True,39.0,15.0,8.0,"['TypeScript', 'JavaScript']"
ookami-kb,gh-pr-size-watcher,code review,28,30,1,7,5,3,13,1,965,12,1,8,0,965000,0,0,0,0,0,0,0,0,0,1,0,0,0,0,0,0,0,0,0,0,1,0,0,0,0,0,0,0,0,0,0,0,1,0,,TypeScript,MIT License,False,True,13.0,5.0,3.0,"['TypeScript', 'Shell', 'JavaScript']"
oprypin,find-latest-tag,dependency management,28,30,3,8,15,3,34,4,3263,15,5,7,2,3263000,0,0,0,0,0,0,0,0,0,1,0,0,0,0,0,0,0,0,0,0,1,0,0,0,0,0,0,0,0,0,0,0,0,0,GitHub Action: Find the latest tag in a GitHub repository,JavaScript,MIT License,False,False,34.0,15.0,3.0,"['JavaScript', 'Shell']"
opsless,ms-teams-github-actions,continuous integration,55,30,11,20,8,4,39,5,1405,30,14,30,10,1405000,0,0,0,0,0,0,0,0,0,1,0,0,0,0,0,0,0,0,0,0,0,0,0,0,0,0,0,0,0,0,0,0,1,0,Github Action to send workflow status notification to Microsoft Teams,TypeScript,MIT License,False,False,39.0,8.0,4.0,"['TypeScript', 'JavaScript']"
oracle-actions,run-oci-cli-command,deployment,18,30,6,7,9,5,29,2,792,30,5,30,5,792000,0,0,0,0,0,0,0,0,0,0,0,0,0,0,0,0,0,0,0,0,1,0,0,0,0,0,0,0,0,0,0,0,1,0,Run Oracle Cloud Infrastructure (OCI) CLI commands,TypeScript,Universal Permissive License v1.0,True,True,31.0,10.0,5.0,"['TypeScript', 'Shell']"
paambaati,codeclimate-action,code review,508,30,18,30,65,5,202,20,21610,30,13,30,5,21610000,0,0,0,0,0,0,0,0,0,0,0,0,0,0,0,0,0,0,0,0,0,0,0,0,0,0,0,0,0,0,0,0,1,0,GitHub Action to send your code coverage to CodeClimate,TypeScript,MIT License,False,True,205.0,65.0,5.0,['TypeScript']
parkerbxyz,suggest-changes,code review,26,30,7,10,6,4,13,6,1410,30,5,30,3,1410000,0,0,0,0,0,0,0,0,0,1,0,0,0,0,0,0,0,0,0,0,0,0,0,0,0,0,0,0,0,0,0,0,0,0,This GitHub Action will take the changes from the Git working directory and apply them as GitHub code review suggestions.,JavaScript,MIT License,False,True,14.0,8.0,4.0,['JavaScript']
pascalgn,automerge-action,code review,389,30,11,30,215,9,877,30,1866,30,34,30,8,1866000,0,0,0,0,0,0,0,0,0,1,0,0,0,0,0,0,0,0,0,0,0,0,0,0,0,0,0,0,0,0,0,0,0,0,GitHub action to automatically merge pull requests that are ready,JavaScript,MIT License,False,True,876.0,215.0,9.0,['JavaScript']
peaceiris,actions-mdbook,deployment,28,30,7,25,24,3,305,5,2009,30,18,30,4,2009000,0,0,0,0,0,0,0,0,0,1,0,0,0,1,0,0,0,0,0,0,1,1,0,0,0,0,0,0,0,0,0,0,1,0,"GitHub Actions for mdBook (rust-lang/mdBook) ‚ö°Ô∏è Setup mdBook quickly and build your site fast. Linux (Ubuntu), macOS, and Windows are supported.",TypeScript,MIT License,False,True,306.0,24.0,3.0,"['TypeScript', 'Shell', 'Makefile', 'JavaScript', 'Dockerfile']"
peaceiris,actions-suggest-related-links,utilities,124,30,19,5,2,3,31,3,1387,30,24,30,13,1387000,0,0,0,0,0,0,0,0,0,1,0,1,0,1,0,0,0,0,0,0,1,1,0,0,0,0,0,0,0,0,0,0,1,0,"A GitHub Action to suggest related or similar issues, documents, and links. Based on the power of NLP and fastText.",TypeScript,MIT License,False,True,31.0,2.0,3.0,"['TypeScript', 'Python', 'Dockerfile', 'Shell', 'Makefile', 'JavaScript']"
peckjon,reject-pr-approval-from-committer,code review,33,30,5,4,3,0,11,11,771,24,5,22,4,771000,0,0,0,0,0,0,0,0,0,0,0,0,0,0,0,0,0,0,0,0,0,0,0,0,0,0,0,0,0,0,0,0,1,0,GitHub Action to reject approval of a pull request by any committer to that pull request,TypeScript,MIT License,False,True,11.0,3.0,0.0,['TypeScript']
peter-evans,find-comment,utilities,36,30,1,16,63,4,189,8,2315,30,2,30,0,2315000,0,0,0,0,0,0,0,0,0,1,0,0,0,0,0,0,0,0,0,0,0,0,0,0,0,0,0,0,0,0,0,0,1,0,A GitHub action to find an issue or pull request comment,TypeScript,MIT License,False,True,189.0,64.0,4.0,"['TypeScript', 'JavaScript']"
philips-software,sonar-scanner-action,code quality,387,30,6,7,16,2,12,11,1291,30,12,30,3,1291000,0,0,0,0,0,0,0,0,0,1,0,0,0,0,0,0,0,0,0,0,0,1,0,0,0,0,0,0,0,0,0,0,1,0,GitHub Sonar Action,TypeScript,MIT License,False,False,12.0,16.0,2.0,"['TypeScript', 'Dockerfile', 'JavaScript']"
pixee,upload-tool-results-action,security,50,30,4,17,0,4,14,5,1999,30,2,30,0,1999000,0,0,0,0,0,0,0,0,0,0,0,0,0,0,0,0,0,0,0,0,0,0,0,0,0,0,0,0,0,0,0,0,0,0,,,,,,,,,nan
shadowmoose,gha-loc-badge,utilities,22,26,4,1,16,2,36,2,1144,8,5,5,2,1144000,0,0,0,0,0,0,0,0,0,1,0,0,0,0,0,0,0,0,0,0,0,0,0,0,0,0,0,0,0,0,0,0,0,0,Count project Lines of Code & generate a badge for display.,JavaScript,MIT License,False,True,36.0,16.0,2.0,['JavaScript']
shallwefootball,upload-s3-action,continuous integration,73,30,1,10,158,2,169,9,270,30,30,30,8,270000,0,0,0,0,0,0,0,0,0,0,0,0,0,0,0,0,0,0,0,0,0,0,0,0,0,0,0,0,0,0,0,0,0,0,,,,,,,,,nan
sherlo-io,sherlo,testing,2884,30,8,30,1,1,28,4,275109,30,1,30,1,275109000,0,0,0,1,0,0,0,0,0,1,0,0,0,0,1,0,0,0,0,1,1,0,0,0,0,0,0,0,0,0,0,0,1,0,Sherlo is a Visual Testing and Review Tool that integrates with Storybook for React Native.,JavaScript,MIT License,False,False,28.0,1.0,1.0,"['JavaScript', 'TypeScript', 'Objective-C', 'Java', 'Shell', 'Ruby']"
shimataro,ssh-key-action,deployment,13,30,4,26,89,8,586,2,13425,30,15,30,2,13425000,0,0,0,0,0,0,0,0,0,0,0,0,0,0,0,0,0,0,0,0,1,0,0,0,0,0,0,0,0,0,0,0,1,0,GitHub Action that installs SSH key to .ssh,TypeScript,MIT License,False,True,586.0,89.0,8.0,"['TypeScript', 'Shell']"
shioyang,check-pr-labels-on-push-action,project management,24,29,3,13,18,2,16,1,201,30,4,30,2,201000,0,0,0,0,0,0,0,0,0,0,0,0,0,0,0,0,0,0,0,0,0,0,0,0,0,0,0,0,0,0,0,0,1,0,Check the PR labels contain given labels,TypeScript,MIT License,False,True,16.0,18.0,2.0,['TypeScript']
shogo82148,actions-setup-redis,testing,49,30,6,30,2,3,38,4,5695,30,7,30,4,5695000,0,0,0,0,0,0,0,0,0,1,0,0,0,0,0,0,0,0,0,0,1,0,0,0,0,0,0,0,0,0,0,0,1,0,Setup Redis database Action,TypeScript,MIT License,False,True,38.0,2.0,3.0,"['TypeScript', 'Shell', 'JavaScript']"
shogo82148,actions-upload-release-asset,publishing,28,30,6,30,7,2,81,4,5971,30,6,30,3,5971000,0,0,0,0,0,0,0,0,0,1,0,0,0,0,0,0,0,0,0,0,1,0,0,0,0,0,0,0,0,0,0,0,1,0,Yet Another Upload Release Asset Action,TypeScript,MIT License,False,True,81.0,7.0,2.0,"['TypeScript', 'Shell', 'JavaScript']"
shonansurvivors,actions-s3-cache,deployment,22,25,8,2,13,1,13,1,746,15,4,14,3,746000,0,0,0,0,0,0,0,0,0,1,0,0,0,0,0,0,0,0,0,0,0,0,0,0,0,0,0,0,0,0,0,0,0,0,,JavaScript,MIT License,False,True,13.0,13.0,1.0,['JavaScript']
sibiraj-s,action-eslint,code quality,31,30,1,15,15,4,47,9,598,22,3,11,1,598000,0,0,0,0,0,0,0,0,0,0,0,0,0,0,0,0,0,0,0,0,1,0,0,0,0,0,0,0,0,0,0,0,1,0,‚úÖ GitHub Action that runs ESLint on files changed in a Pull Request,TypeScript,MIT License,False,True,46.0,16.0,4.0,"['TypeScript', 'Shell']"
sinedied,publish-devto,deployment,526,30,2,1,8,5,39,3,1653,30,3,27,0,1653000,0,0,0,0,0,0,0,0,0,1,0,0,0,0,0,0,0,0,0,0,0,0,0,0,0,0,0,0,0,0,0,0,0,0,":postbox: GitHub Action to publish markdown files on dev.to platform, with assets hosted on GitHub.",JavaScript,MIT License,False,False,39.0,8.0,5.0,['JavaScript']
softprops,setup-aws-copilot,deployment,10,14,1,1,19,5,26,3,157,9,2,8,1,157000,0,0,0,0,0,0,0,0,0,1,0,0,0,0,0,0,0,0,0,0,0,0,0,0,0,0,0,0,0,0,0,0,1,0,üë©‚Äç‚úàÔ∏è A GitHub Action for setting up and configuring the AWS Copilot command line interface,TypeScript,MIT License,False,False,26.0,19.0,5.0,"['TypeScript', 'JavaScript']"
squarecloudofc,github-action,deployment,32,30,1,7,0,0,18,3,753,1,0,1,0,753000,0,0,0,0,0,0,0,0,0,0,0,0,0,0,0,0,0,0,0,0,0,0,0,0,0,0,0,0,0,0,0,0,0,0,,,,,,,,,nan
stainless-api,upload-openapi-spec-action,utilities,167,30,23,9,7,3,14,11,1047,30,10,30,9,1047000,0,0,0,0,0,0,0,0,0,0,0,0,0,0,0,0,0,0,0,0,0,0,0,0,0,0,0,0,0,0,0,0,0,0,,,,,,,,,nan
steffen-karlsson,stalesweeper,support,19,30,2,4,0,1,11,2,2513,24,3,22,1,2513000,0,0,0,0,0,0,0,0,0,0,0,0,0,0,0,0,0,0,0,0,1,0,0,0,0,0,0,0,0,0,0,0,1,0,Automatically closes stale discussions to declutter your GitHub Discussion space,TypeScript,MIT License,False,False,11.0,0.0,1.0,"['TypeScript', 'Shell']"
step-security,wait-for-secrets,security,37,30,14,8,18,3,279,7,4858,30,18,30,8,4858000,0,0,0,0,0,0,0,0,0,0,0,0,0,0,0,0,0,0,0,0,0,0,0,0,0,0,0,0,0,0,0,0,1,0,Publish from GitHub Actions using multi-factor authentication,TypeScript,Apache License 2.0,True,True,282.0,18.0,3.0,['TypeScript']
stepci,stepci,testing,281,30,4,30,78,12,1696,18,508,30,59,30,5,508000,0,0,0,0,0,0,0,0,0,0,0,0,0,0,0,0,0,0,0,0,1,1,0,0,0,0,0,0,0,0,0,0,1,0,Automated API Testing and Quality Assurance,TypeScript,Mozilla Public License 2.0,False,True,1706.0,80.0,12.0,"['TypeScript', 'Shell', 'Dockerfile']"
stoat-dev,stoat-action,utilities,2607,30,6,14,3,1,67,4,11262,30,18,30,4,11262000,0,0,0,0,0,0,1,0,0,1,0,0,0,0,0,1,0,0,0,0,1,0,0,1,0,0,1,0,0,0,0,0,1,0,Turn pull request comments into developer dashboards.,TypeScript,MIT License,False,True,67.0,3.0,1.0,"['TypeScript', 'CSS', 'JavaScript', 'HTML', 'Shell', 'Handlebars', 'Jinja']"
superman66,wakatime-sync,project management,52,30,3,1,107,3,115,4,933,30,5,16,3,933000,0,0,0,0,0,0,0,0,0,0,0,0,0,0,0,0,0,0,0,0,0,0,0,0,0,0,0,0,0,0,0,0,0,0,,,,,,,,,nan
swinton,screenshot-website,code quality,103,30,15,2,26,4,191,3,2388,30,17,30,7,2388000,0,0,0,0,0,0,0,0,0,1,0,0,0,0,0,0,0,0,0,0,0,0,0,0,0,0,0,0,0,0,0,0,0,0,":camera_flash: A GitHub Action to capture screenshots of a website, across Windows, Mac, and Linux",JavaScript,ISC License,False,True,191.0,27.0,4.0,['JavaScript']
synopsys-sig,detect-action,security,57,30,13,2,32,9,28,6,5956,30,43,30,14,5956000,0,0,0,0,0,0,0,0,0,1,0,0,0,0,0,0,0,0,0,0,0,0,0,0,0,0,0,0,0,0,0,0,1,0,,TypeScript,Apache License 2.0,False,True,28.0,32.0,9.0,"['TypeScript', 'JavaScript']"
sysdiglabs,scan-action,security,36,30,8,11,10,12,30,8,1069,30,7,30,4,1069000,0,0,0,0,0,0,0,0,1,1,0,0,0,0,0,0,0,0,0,0,1,0,0,0,0,0,0,0,0,0,0,0,1,0,Inline Image Scan Github Action,TypeScript,Apache License 2.0,False,True,30.0,10.0,11.0,"['TypeScript', 'Nix', 'Shell', 'JavaScript']"
szenius,notion-burndown,project management,59,30,1,7,24,4,64,2,4527,30,0,30,0,4527000,0,0,0,0,0,0,0,0,0,0,0,0,0,0,0,0,0,0,0,0,0,0,0,0,0,0,0,0,0,0,0,0,0,0,,,,,,,,,nan
teatimeguest,setup-texlive-action,utilities,125,30,4,30,2,4,44,3,10384,30,11,30,2,10384000,0,0,1,0,0,1,0,0,0,1,0,0,0,0,0,0,0,0,0,0,1,0,0,0,0,0,0,0,0,0,0,0,1,0,A GitHub Action to set up TeX Live,TypeScript,MIT License,False,True,45.0,2.0,4.0,"['TypeScript', 'JavaScript', 'Shell', 'Nunjucks', 'jq']"
technote-space,create-pr-action,utilities,731,30,8,30,6,2,30,2,21063,30,5,30,4,21063000,0,0,0,0,0,0,0,0,0,1,0,0,0,0,0,0,0,0,0,0,1,0,0,0,0,0,0,0,0,0,0,0,1,0,GitHub Actions to manage PullRequest,TypeScript,MIT License,False,True,31.0,6.0,2.0,"['TypeScript', 'JavaScript', 'Shell']"
test-room-7,action-update-file,utilities,53,30,2,17,10,3,40,6,581,24,4,12,1,581000,0,0,0,0,0,0,0,0,0,0,0,0,0,0,0,0,0,0,0,0,0,0,0,0,0,0,0,0,0,0,0,0,1,0,Update (i.e. commit and push) files on GitHub,TypeScript,MIT License,False,True,40.0,10.0,3.0,['TypeScript']
test-summary,action,testing,25,30,2,6,34,2,408,8,250,30,20,18,2,250000,0,0,0,0,0,0,0,0,0,0,0,0,0,0,0,0,0,0,0,0,0,0,0,0,0,0,0,0,0,0,0,0,1,0,Show a helpful summary of test results in GitHub Actions CI/CD workflow runs,TypeScript,MIT License,False,True,410.0,35.0,2.0,['TypeScript']
the-actions-org,workflow-dispatch,utilities,161,30,6,5,51,3,69,11,437,24,1,24,1,437000,0,0,0,0,0,0,0,0,0,1,0,0,0,0,0,0,0,0,0,0,0,0,0,0,0,0,0,0,0,0,0,0,1,0,"A GitHub Action for triggering workflows, using the `workflow_dispatch` event",TypeScript,MIT License,False,False,69.0,129.0,3.0,"['TypeScript', 'JavaScript']"
thomaseizinger,keep-a-changelog-new-release,publishing,952,30,6,8,38,4,57,6,369,29,2,10,0,369000,0,0,0,0,0,0,0,0,0,1,0,0,0,0,0,0,0,0,0,0,1,0,0,0,0,0,0,0,0,0,0,0,1,0,Automatically update your CHANGELOG.md for a new release,TypeScript,MIT License,False,True,58.0,38.0,4.0,"['TypeScript', 'JavaScript', 'Shell']"
tibdex,backport,utilities,477,30,9,8,66,4,74,9,2167,30,11,30,4,2167000,0,0,0,0,0,0,0,0,0,1,0,0,0,0,0,0,0,0,0,0,0,0,0,0,0,0,0,0,0,0,0,0,1,0,üîô GitHub Action to backport pull requests,TypeScript,MIT License,False,True,74.0,66.0,4.0,"['TypeScript', 'JavaScript']"
tinovyatkin,action-php-codesniffer,code review,45,30,15,1,26,3,23,3,844,30,25,30,9,844000,0,0,0,0,0,0,0,0,0,1,0,0,0,0,0,0,0,0,0,0,0,0,0,0,0,0,0,1,0,0,0,0,1,0,Github Action to check your code with PHP_CodeSniffer that can check only PR changed files or even lines,TypeScript,MIT License,False,True,23.0,25.0,3.0,"['TypeScript', 'PHP', 'JavaScript']"
tj-actions,glob,continuous integration,543,30,8,30,21,2,17,10,9286,30,9,30,3,9286000,0,0,0,0,0,0,0,0,0,1,0,0,0,0,0,0,0,0,0,0,0,0,0,0,0,0,0,0,0,0,0,0,1,0,:octocat: Github action to match glob patterns with support for matching deleted files.,TypeScript,MIT License,False,True,17.0,21.0,2.0,"['TypeScript', 'JavaScript']"
tmcw,notfoundbot,monitoring,642,30,5,9,7,4,114,6,3038,30,9,30,1,3038000,0,0,0,0,0,0,0,0,0,0,0,0,0,0,0,0,0,0,0,0,0,0,0,0,0,0,0,0,0,0,0,0,0,0,,,,,,,,,nan
toshimaru,auto-author-assign,project management,27,30,4,30,21,4,105,6,1464,30,7,30,2,1464000,0,0,0,0,0,0,0,0,0,1,0,0,0,0,0,0,0,0,0,0,0,0,0,0,0,0,0,0,0,0,0,0,0,0,GitHub Actions: Automatically assign pull request authors.,JavaScript,MIT License,False,True,106.0,21.0,4.0,['JavaScript']
tubone24,update_release,deployment,66,30,20,4,6,3,16,7,1500,30,23,30,10,1500000,0,0,0,0,0,0,0,0,0,1,0,0,0,0,0,0,0,0,0,0,1,0,0,0,0,0,0,0,0,0,0,0,1,0,This GitHub Action (written in JavaScript) is to change the Body Text and Name of an already created Release with using the GitHub Release API.,TypeScript,MIT License,False,True,16.0,6.0,3.0,"['TypeScript', 'JavaScript', 'Shell']"
turtlequeue,setup-babashka,container ci,569,20,3,9,4,3,28,3,225,24,3,16,0,225000,0,0,0,0,0,0,0,0,0,1,0,0,0,0,0,0,0,0,0,0,0,0,0,0,0,0,0,0,0,0,0,0,1,0,github actions for installing borkdude/babashka,TypeScript,Eclipse Public License 1.0,False,False,28.0,4.0,3.0,"['TypeScript', 'JavaScript']"
umani,changed-files,utilities,160,30,6,13,16,3,28,8,2003,30,2,23,1,2003000,0,0,0,0,0,0,0,0,0,0,0,0,0,0,0,0,0,0,0,0,0,0,0,0,0,0,0,0,0,0,0,0,1,0,GitHub action to export a PR's changed files,TypeScript,MIT License,False,True,28.0,16.0,3.0,['TypeScript']
usimd,pi-gen-action,publishing,52,30,6,8,11,3,49,4,1309,30,8,30,3,1309000,0,0,0,0,0,0,0,0,0,1,0,0,0,0,0,0,0,0,0,0,1,0,0,0,0,0,0,0,0,0,0,0,1,0,Action to build Raspberry Pi images using official pi-gen tool,TypeScript,MIT License,False,True,49.0,12.0,3.0,"['TypeScript', 'Shell', 'JavaScript']"
varunsridharan,action-github-workflow-sync,utilities,53,30,5,8,15,3,65,7,1082,30,10,13,1,1082000,0,0,0,0,0,0,0,0,0,1,0,0,0,0,0,0,0,0,0,0,0,0,0,0,0,0,0,0,0,0,0,0,0,0,Github Action To Sync Github Action's Workflow Files Across Repositories,JavaScript,MIT License,True,True,66.0,15.0,3.0,['JavaScript']
vimtor,action-zip,utilities,243,30,1,3,33,3,89,11,50,30,10,15,0,50000,0,0,0,0,0,0,0,0,0,1,0,0,0,0,0,0,0,0,0,0,0,0,0,0,0,0,0,0,0,0,0,0,0,0,üóÑÔ∏è Action for zipping files easily,JavaScript,MIT License,False,False,88.0,33.0,3.0,['JavaScript']
vio,bundle-stats-action,utilities,90,30,22,8,1,3,19,3,9559,30,25,30,12,9559000,0,0,0,0,0,0,0,0,0,1,0,0,0,0,0,0,0,0,0,0,0,0,0,0,0,0,0,0,0,0,0,0,0,0,Generates bundle-stats reports for webpack stats.,JavaScript,MIT License,False,True,19.0,1.0,3.0,['JavaScript']
vlaurin,action-ghcr-prune,utilities,30,30,8,6,9,3,47,3,652,30,9,30,7,652000,0,0,0,0,0,0,0,0,0,1,0,0,0,0,0,0,0,0,0,0,0,1,0,0,0,0,0,0,0,0,0,0,0,0,GitHub Action to prune container versions from GitHub Container Registry (ghcr.io),JavaScript,MIT License,False,False,47.0,9.0,3.0,"['JavaScript', 'Dockerfile']"
vn7n24fzkq,github-profile-summary-cards,utilities,143,30,4,30,334,16,2778,30,22122,30,29,30,2,22122000,0,0,0,0,0,0,0,0,0,0,0,0,0,0,0,0,0,0,0,0,0,0,0,1,0,0,0,0,0,0,0,0,1,0,A tool to generate your github summary card for profile README,TypeScript,MIT License,False,True,2797.0,336.0,16.0,"['TypeScript', 'HTML']"
volta-cli,action,utilities,4,30,8,30,24,3,97,13,26719,30,13,30,6,26719000,0,0,0,0,0,0,0,0,0,1,0,0,0,0,0,0,0,0,0,0,1,0,0,0,0,0,0,0,0,0,0,0,1,0,GitHub Action to Setup Volta,TypeScript,MIT License,False,True,99.0,24.0,3.0,"['TypeScript', 'JavaScript', 'Shell']"
wangyucode,sftp-upload-action,deployment,10,30,1,14,23,3,59,5,1715,30,1,14,0,1715000,0,0,0,0,0,0,0,0,0,0,0,0,0,0,0,0,0,0,0,0,0,0,0,0,0,0,0,0,0,0,0,0,0,0,,,,,,,,,nan
wdzeng,edge-addon,publishing,447,30,5,13,2,2,16,5,823,16,1,6,0,823000,0,0,0,0,0,0,0,0,0,1,0,0,0,0,0,0,0,0,0,0,0,0,0,0,0,0,0,0,0,0,0,0,1,0,GitHub Action for publishing extension to Microsoft Edge Add-on!,TypeScript,MIT License,False,False,16.0,2.0,2.0,"['TypeScript', 'JavaScript']"
we-cli,coverage-badge-action,testing,3,12,3,1,11,1,49,3,11,4,0,3,0,11000,0,0,0,0,0,0,0,0,0,1,0,1,0,0,0,0,0,0,0,0,0,0,0,0,0,0,0,0,0,0,0,0,0,0,Create a coverage badge via GitHub Actions,JavaScript,MIT License,False,False,50.0,11.0,1.0,"['JavaScript', 'Python']"
wechuli,allcheckspassed,security,36,30,3,4,4,0,23,5,1378,30,4,30,2,1378000,0,0,0,0,0,0,0,0,0,0,0,0,0,0,0,0,0,0,0,0,1,0,0,0,0,0,0,0,0,0,0,0,1,0,GitHub Action to confirm that all checks reported on a commit have passed,TypeScript,MIT License,False,True,23.0,4.0,0.0,"['TypeScript', 'Shell']"
wenkokke,setup-agda,utilities,195,30,11,9,3,3,26,4,16888,30,16,30,0,16888000,0,0,0,0,0,0,0,0,0,1,0,0,0,0,0,0,0,0,0,0,1,0,0,0,0,0,0,0,1,0,0,0,1,0,Set up a specific version of Agda for your GitHub Actions workflow.,TypeScript,Other,False,False,26.0,3.0,3.0,"['TypeScript', 'JavaScript', 'Agda', 'Shell']"
wktk,github-project-connect-action,utilities,160,30,9,7,2,3,14,5,1852,30,8,30,7,1852000,0,0,0,0,0,0,0,0,0,0,0,0,0,0,0,0,0,0,0,0,0,0,0,0,0,0,0,0,0,0,0,0,1,0,Connect Pull Request statuses to Issues on GitHub Project (classic) boards.,TypeScript,MIT License,False,True,14.0,2.0,3.0,['TypeScript']
workflow,nix-shell-action,dependency management,12,30,7,13,10,5,43,4,1273,30,5,30,4,1273000,0,0,0,0,0,0,0,0,1,0,0,0,0,0,0,0,0,0,0,0,1,0,0,0,0,0,0,0,0,0,0,0,1,0,Run any command you like in a deterministic Nix shell on Linux and macOS.,TypeScript,MIT License,False,True,44.0,10.0,5.0,"['TypeScript', 'Nix', 'Shell']"
worksome,jira-branch-name-validator-action,code quality,3,30,2,30,1,18,13,4,104,14,1,12,0,104000,0,0,0,0,0,0,0,0,0,1,0,0,0,0,0,0,0,0,0,0,0,0,0,0,0,0,0,0,0,0,0,0,1,0,A GitHub action for validating if the branch name is contains JIRA id,TypeScript,MIT License,False,True,13.0,1.0,18.0,"['TypeScript', 'JavaScript']"
xavierlowmiller,xcodegen-action,mobile ci,9,30,2,11,6,1,13,8,1341,18,1,14,0,1341000,0,0,0,0,0,0,0,0,0,0,0,0,0,0,0,0,0,0,0,0,0,0,0,0,0,0,0,0,0,0,0,0,0,0,,,,,,,,,nan
xeol-io,bumpgen,utilities,1006,30,19,2,5,3,110,3,283,30,9,30,3,283000,0,0,0,0,0,0,0,0,0,1,0,0,0,0,0,0,0,0,0,0,1,0,0,0,0,0,0,0,0,0,0,0,1,0,bumpgen is an AI agent that upgrades npm packages ,TypeScript,MIT License,False,True,112.0,7.0,2.0,"['TypeScript', 'JavaScript', 'Shell']"
xmake-io,github-action-setup-xmake,utilities,445,30,3,7,6,4,30,6,2762,30,1,23,0,2762000,0,1,0,0,0,0,0,0,0,1,0,0,0,0,0,0,0,0,0,0,0,0,0,0,0,0,0,0,0,0,0,0,1,1,Set up your GitHub Actions workflow with a specific version of xmake,TypeScript,GNU General Public License v3.0,True,True,30.0,6.0,4.0,"['TypeScript', 'Lua', 'C++', 'JavaScript']"
xt0rted,dotnet-format,code quality,186,30,14,4,26,4,32,4,1062,30,17,30,4,1062000,0,0,0,0,0,0,0,0,0,1,0,0,0,0,0,0,0,0,0,0,0,0,0,0,0,0,0,0,0,0,0,0,1,0,A GitHub Action to run dotnet-format as part of your workflow,TypeScript,MIT License,False,True,32.0,26.0,4.0,"['TypeScript', 'JavaScript']"
xt0rted,slash-command-action,chat,35,30,10,4,8,3,67,5,3794,30,15,30,3,3794000,0,0,0,0,0,0,0,0,0,1,0,0,0,0,0,0,0,0,0,0,0,0,0,0,0,0,0,0,0,0,0,0,1,0,A GitHub Action to check comments for slash commands,TypeScript,MIT License,False,True,67.0,8.0,3.0,"['TypeScript', 'JavaScript']"
yanamura,git-flow-merge-action,utilities,352,30,9,5,1,2,15,3,1347,30,7,30,5,1347000,0,0,0,0,0,0,0,0,0,0,0,0,0,0,0,0,0,0,0,0,0,0,0,0,0,0,0,0,0,0,0,0,1,0,,TypeScript,MIT License,False,True,15.0,1.0,2.0,['TypeScript']
yc-actions,yc-sls-container-deploy,deployment,104,30,7,7,9,2,30,7,27526,30,1,30,0,27526000,0,0,0,0,0,0,0,0,0,1,0,0,0,0,0,0,0,0,0,0,0,0,0,0,0,0,0,0,0,0,0,0,1,0,GitHub Action to deploy Serverless Container to Yandex Cloud,TypeScript,MIT License,False,False,30.0,9.0,2.0,"['TypeScript', 'JavaScript']"
yogeshpaliyal,upload-indus-appstore,deployment,34,30,7,6,0,1,19,1,11410,30,10,30,6,11410000,0,0,0,0,0,0,0,0,0,0,0,0,0,0,0,0,0,0,0,0,1,0,0,0,0,0,0,0,0,0,0,0,1,0,"Upload AAB file to get Indus App store, fetch app versions, get app stats, etc.",TypeScript,MIT License,False,True,19.0,0.0,1.0,"['TypeScript', 'Shell']"
yuichielectric,dive-action,container ci,42,30,16,4,14,2,11,3,2641,30,14,30,2,2641000,0,0,0,0,0,0,0,0,0,1,0,0,0,0,0,0,0,0,0,0,0,0,0,0,0,0,0,0,0,0,0,0,1,0,Runs dive as GitHub action to scan your Docker image to find wasted disk space,TypeScript,MIT License,False,True,11.0,12.0,2.0,"['TypeScript', 'JavaScript']"
yuzutech,annotations-action,code review,28,30,2,18,16,3,37,7,180,30,11,30,1,180000,0,0,0,0,0,0,0,0,0,1,0,0,0,0,0,0,0,0,0,0,0,0,0,0,0,0,0,0,0,0,0,0,0,0,GitHub action to create annotations from a JSON file,JavaScript,MIT License,False,False,38.0,15.0,3.0,['JavaScript']
zentered,vercel-preview-url,utilities,26,30,1,21,11,2,32,7,2700,30,0,30,0,2700000,0,0,0,0,0,0,0,0,0,1,0,0,0,0,0,0,0,0,0,0,1,0,0,0,0,0,0,0,0,0,0,0,0,0,GitHub Action to receive the deployment preview URL from Vercel,JavaScript,MIT License,False,True,32.0,11.0,2.0,"['JavaScript', 'Shell']"
